[0.009s] Invoking command in '/home/jmendes/drone_ws/build/drone_gazebo': CMAKE_PREFIX_PATH=${CMAKE_PREFIX_PATH}:/opt/ros/jazzy /usr/bin/cmake /home/jmendes/drone_ws/src/drone_gazebo -DCMAKE_INSTALL_PREFIX=/home/jmendes/drone_ws/install/drone_gazebo
[0.051s] -- The C compiler identification is GNU 13.3.0
[0.091s] -- The CXX compiler identification is GNU 13.3.0
[0.103s] -- Detecting C compiler ABI info
[0.166s] -- Detecting C compiler ABI info - done
[0.173s] -- Check for working C compiler: /usr/bin/cc - skipped
[0.173s] -- Detecting C compile features
[0.173s] -- Detecting C compile features - done
[0.180s] -- Detecting CXX compiler ABI info
[0.252s] -- Detecting CXX compiler ABI info - done
[0.259s] -- Check for working CXX compiler: /usr/bin/c++ - skipped
[0.260s] -- Detecting CXX compile features
[0.260s] -- Detecting CXX compile features - done
[0.265s] -- Found ament_cmake: 2.5.4 (/opt/ros/jazzy/share/ament_cmake/cmake)
[0.388s] -- Found Python3: /usr/bin/python3 (found version "3.12.3") found components: Interpreter 
[0.505s] -- Found ament_lint_auto: 0.17.3 (/opt/ros/jazzy/share/ament_lint_auto/cmake)
[0.662s] -- Added test 'flake8' to check Python code syntax and style conventions
[0.662s] -- Configured 'flake8' exclude dirs and/or files: 
[0.674s] -- Added test 'lint_cmake' to check CMake code style
[0.680s] -- Added test 'pep257' to check Python code against some of the docstring style conventions in PEP 257
[0.737s] -- Added test 'xmllint' to check XML markup files
[0.738s] -- Configuring done (0.7s)
[0.741s] -- Generating done (0.0s)
[0.742s] -- Build files have been written to: /home/jmendes/drone_ws/build/drone_gazebo
[0.745s] Invoked command in '/home/jmendes/drone_ws/build/drone_gazebo' returned '0': CMAKE_PREFIX_PATH=${CMAKE_PREFIX_PATH}:/opt/ros/jazzy /usr/bin/cmake /home/jmendes/drone_ws/src/drone_gazebo -DCMAKE_INSTALL_PREFIX=/home/jmendes/drone_ws/install/drone_gazebo
[0.746s] Invoking command in '/home/jmendes/drone_ws/build/drone_gazebo': CMAKE_PREFIX_PATH=${CMAKE_PREFIX_PATH}:/opt/ros/jazzy /usr/bin/cmake --build /home/jmendes/drone_ws/build/drone_gazebo -- -j8 -l8
[0.775s] Invoked command in '/home/jmendes/drone_ws/build/drone_gazebo' returned '0': CMAKE_PREFIX_PATH=${CMAKE_PREFIX_PATH}:/opt/ros/jazzy /usr/bin/cmake --build /home/jmendes/drone_ws/build/drone_gazebo -- -j8 -l8
[0.776s] Invoking command in '/home/jmendes/drone_ws/build/drone_gazebo': CMAKE_PREFIX_PATH=${CMAKE_PREFIX_PATH}:/opt/ros/jazzy /usr/bin/cmake --install /home/jmendes/drone_ws/build/drone_gazebo
[0.782s] -- Install configuration: ""
[0.782s] -- Installing: /home/jmendes/drone_ws/install/drone_gazebo/share/drone_gazebo/launch
[0.782s] -- Installing: /home/jmendes/drone_ws/install/drone_gazebo/share/drone_gazebo/launch/drone.gazebo.launch.py
[0.782s] -- Installing: /home/jmendes/drone_ws/install/drone_gazebo/share/drone_gazebo/models
[0.782s] -- Installing: /home/jmendes/drone_ws/install/drone_gazebo/share/drone_gazebo/models/aws_robomaker_residential_PortraitD_02
[0.782s] -- Installing: /home/jmendes/drone_ws/install/drone_gazebo/share/drone_gazebo/models/aws_robomaker_residential_PortraitD_02/model.sdf
[0.783s] -- Installing: /home/jmendes/drone_ws/install/drone_gazebo/share/drone_gazebo/models/aws_robomaker_residential_PortraitD_02/model.config
[0.783s] -- Installing: /home/jmendes/drone_ws/install/drone_gazebo/share/drone_gazebo/models/aws_robomaker_residential_PortraitD_02/materials
[0.783s] -- Installing: /home/jmendes/drone_ws/install/drone_gazebo/share/drone_gazebo/models/aws_robomaker_residential_PortraitD_02/materials/textures
[0.783s] -- Installing: /home/jmendes/drone_ws/install/drone_gazebo/share/drone_gazebo/models/aws_robomaker_residential_PortraitD_02/materials/textures/aws_PortraitD_02.png
[0.783s] -- Installing: /home/jmendes/drone_ws/install/drone_gazebo/share/drone_gazebo/models/aws_robomaker_residential_PortraitD_02/materials/textures/aws_PortraitD_01.png
[0.783s] -- Installing: /home/jmendes/drone_ws/install/drone_gazebo/share/drone_gazebo/models/aws_robomaker_residential_PortraitD_02/materials/textures/PortraitD_02.jpg
[0.783s] -- Installing: /home/jmendes/drone_ws/install/drone_gazebo/share/drone_gazebo/models/aws_robomaker_residential_PortraitD_02/meshes
[0.784s] -- Installing: /home/jmendes/drone_ws/install/drone_gazebo/share/drone_gazebo/models/aws_robomaker_residential_PortraitD_02/meshes/aws_PortraitD_01_visual.DAE
[0.784s] -- Installing: /home/jmendes/drone_ws/install/drone_gazebo/share/drone_gazebo/models/aws_robomaker_residential_PortraitD_02/meshes/aws_PortraitD_01_collision.DAE
[0.784s] -- Installing: /home/jmendes/drone_ws/install/drone_gazebo/share/drone_gazebo/models/aws_robomaker_residential_PortraitB_03
[0.784s] -- Installing: /home/jmendes/drone_ws/install/drone_gazebo/share/drone_gazebo/models/aws_robomaker_residential_PortraitB_03/model.sdf
[0.784s] -- Installing: /home/jmendes/drone_ws/install/drone_gazebo/share/drone_gazebo/models/aws_robomaker_residential_PortraitB_03/model.config
[0.784s] -- Installing: /home/jmendes/drone_ws/install/drone_gazebo/share/drone_gazebo/models/aws_robomaker_residential_PortraitB_03/materials
[0.784s] -- Installing: /home/jmendes/drone_ws/install/drone_gazebo/share/drone_gazebo/models/aws_robomaker_residential_PortraitB_03/materials/textures
[0.784s] -- Installing: /home/jmendes/drone_ws/install/drone_gazebo/share/drone_gazebo/models/aws_robomaker_residential_PortraitB_03/materials/textures/aws_PortraitB_02.png
[0.784s] -- Installing: /home/jmendes/drone_ws/install/drone_gazebo/share/drone_gazebo/models/aws_robomaker_residential_PortraitB_03/materials/textures/PortraitB_03.jpg
[0.785s] -- Installing: /home/jmendes/drone_ws/install/drone_gazebo/share/drone_gazebo/models/aws_robomaker_residential_PortraitB_03/materials/textures/aws_PortraitB_01.png
[0.785s] -- Installing: /home/jmendes/drone_ws/install/drone_gazebo/share/drone_gazebo/models/aws_robomaker_residential_PortraitB_03/meshes
[0.785s] -- Installing: /home/jmendes/drone_ws/install/drone_gazebo/share/drone_gazebo/models/aws_robomaker_residential_PortraitB_03/meshes/aws_PortraitB_01_visual.DAE
[0.785s] -- Installing: /home/jmendes/drone_ws/install/drone_gazebo/share/drone_gazebo/models/aws_robomaker_residential_PortraitB_03/meshes/aws_PortraitB_01_collision.DAE
[0.785s] -- Installing: /home/jmendes/drone_ws/install/drone_gazebo/share/drone_gazebo/models/brown_table
[0.785s] -- Installing: /home/jmendes/drone_ws/install/drone_gazebo/share/drone_gazebo/models/brown_table/model.sdf
[0.785s] -- Installing: /home/jmendes/drone_ws/install/drone_gazebo/share/drone_gazebo/models/brown_table/model.config
[0.785s] -- Installing: /home/jmendes/drone_ws/install/drone_gazebo/share/drone_gazebo/models/aws_robomaker_warehouse_ShelfF_01
[0.785s] -- Installing: /home/jmendes/drone_ws/install/drone_gazebo/share/drone_gazebo/models/aws_robomaker_warehouse_ShelfF_01/model.sdf
[0.786s] -- Installing: /home/jmendes/drone_ws/install/drone_gazebo/share/drone_gazebo/models/aws_robomaker_warehouse_ShelfF_01/model.config
[0.786s] -- Installing: /home/jmendes/drone_ws/install/drone_gazebo/share/drone_gazebo/models/aws_robomaker_warehouse_ShelfF_01/materials
[0.786s] -- Installing: /home/jmendes/drone_ws/install/drone_gazebo/share/drone_gazebo/models/aws_robomaker_warehouse_ShelfF_01/materials/textures
[0.786s] -- Installing: /home/jmendes/drone_ws/install/drone_gazebo/share/drone_gazebo/models/aws_robomaker_warehouse_ShelfF_01/materials/textures/aws_robomaker_warehouse_ShelfF_03.png
[0.786s] -- Installing: /home/jmendes/drone_ws/install/drone_gazebo/share/drone_gazebo/models/aws_robomaker_warehouse_ShelfF_01/materials/textures/aws_robomaker_warehouse_ShelfF_02.png
[0.786s] -- Installing: /home/jmendes/drone_ws/install/drone_gazebo/share/drone_gazebo/models/aws_robomaker_warehouse_ShelfF_01/materials/textures/aws_robomaker_warehouse_ShelfF_01.png
[0.786s] -- Installing: /home/jmendes/drone_ws/install/drone_gazebo/share/drone_gazebo/models/aws_robomaker_warehouse_ShelfF_01/meshes
[0.786s] -- Installing: /home/jmendes/drone_ws/install/drone_gazebo/share/drone_gazebo/models/aws_robomaker_warehouse_ShelfF_01/meshes/aws_robomaker_warehouse_ShelfF_01_collision.DAE
[0.786s] -- Installing: /home/jmendes/drone_ws/install/drone_gazebo/share/drone_gazebo/models/aws_robomaker_warehouse_ShelfF_01/meshes/aws_robomaker_warehouse_ShelfF_01_visual.DAE
[0.786s] -- Installing: /home/jmendes/drone_ws/install/drone_gazebo/share/drone_gazebo/models/aws_robomaker_residential_Carpet_01
[0.787s] -- Installing: /home/jmendes/drone_ws/install/drone_gazebo/share/drone_gazebo/models/aws_robomaker_residential_Carpet_01/model.sdf
[0.787s] -- Installing: /home/jmendes/drone_ws/install/drone_gazebo/share/drone_gazebo/models/aws_robomaker_residential_Carpet_01/model.config
[0.787s] -- Installing: /home/jmendes/drone_ws/install/drone_gazebo/share/drone_gazebo/models/aws_robomaker_residential_Carpet_01/materials
[0.787s] -- Installing: /home/jmendes/drone_ws/install/drone_gazebo/share/drone_gazebo/models/aws_robomaker_residential_Carpet_01/materials/textures
[0.787s] -- Installing: /home/jmendes/drone_ws/install/drone_gazebo/share/drone_gazebo/models/aws_robomaker_residential_Carpet_01/materials/textures/aws_Carpet_01.png
[0.790s] -- Installing: /home/jmendes/drone_ws/install/drone_gazebo/share/drone_gazebo/models/aws_robomaker_residential_Carpet_01/meshes
[0.790s] -- Installing: /home/jmendes/drone_ws/install/drone_gazebo/share/drone_gazebo/models/aws_robomaker_residential_Carpet_01/meshes/aws_Carpet_01_collision.DAE
[0.790s] -- Installing: /home/jmendes/drone_ws/install/drone_gazebo/share/drone_gazebo/models/aws_robomaker_residential_Carpet_01/meshes/aws_Carpet_01_visual.DAE
[0.790s] -- Installing: /home/jmendes/drone_ws/install/drone_gazebo/share/drone_gazebo/models/aws_robomaker_residential_Wardrobe_01
[0.790s] -- Installing: /home/jmendes/drone_ws/install/drone_gazebo/share/drone_gazebo/models/aws_robomaker_residential_Wardrobe_01/model.sdf
[0.790s] -- Installing: /home/jmendes/drone_ws/install/drone_gazebo/share/drone_gazebo/models/aws_robomaker_residential_Wardrobe_01/model.config
[0.790s] -- Installing: /home/jmendes/drone_ws/install/drone_gazebo/share/drone_gazebo/models/aws_robomaker_residential_Wardrobe_01/materials
[0.790s] -- Installing: /home/jmendes/drone_ws/install/drone_gazebo/share/drone_gazebo/models/aws_robomaker_residential_Wardrobe_01/materials/textures
[0.791s] -- Installing: /home/jmendes/drone_ws/install/drone_gazebo/share/drone_gazebo/models/aws_robomaker_residential_Wardrobe_01/materials/textures/aws_Wardrobe_01.png
[0.792s] -- Installing: /home/jmendes/drone_ws/install/drone_gazebo/share/drone_gazebo/models/aws_robomaker_residential_Wardrobe_01/meshes
[0.792s] -- Installing: /home/jmendes/drone_ws/install/drone_gazebo/share/drone_gazebo/models/aws_robomaker_residential_Wardrobe_01/meshes/aws_Wardrobe_01_visual.DAE
[0.792s] -- Installing: /home/jmendes/drone_ws/install/drone_gazebo/share/drone_gazebo/models/aws_robomaker_residential_Wardrobe_01/meshes/aws_Wardrobe_01_collision.DAE
[0.792s] -- Installing: /home/jmendes/drone_ws/install/drone_gazebo/share/drone_gazebo/models/aws_robomaker_residential_Board_01
[0.792s] -- Installing: /home/jmendes/drone_ws/install/drone_gazebo/share/drone_gazebo/models/aws_robomaker_residential_Board_01/model.sdf
[0.792s] -- Installing: /home/jmendes/drone_ws/install/drone_gazebo/share/drone_gazebo/models/aws_robomaker_residential_Board_01/model.config
[0.792s] -- Installing: /home/jmendes/drone_ws/install/drone_gazebo/share/drone_gazebo/models/aws_robomaker_residential_Board_01/materials
[0.792s] -- Installing: /home/jmendes/drone_ws/install/drone_gazebo/share/drone_gazebo/models/aws_robomaker_residential_Board_01/materials/textures
[0.792s] -- Installing: /home/jmendes/drone_ws/install/drone_gazebo/share/drone_gazebo/models/aws_robomaker_residential_Board_01/materials/textures/aws_Board_01.png
[0.792s] -- Installing: /home/jmendes/drone_ws/install/drone_gazebo/share/drone_gazebo/models/aws_robomaker_residential_Board_01/meshes
[0.793s] -- Installing: /home/jmendes/drone_ws/install/drone_gazebo/share/drone_gazebo/models/aws_robomaker_residential_Board_01/meshes/aws_Board_01_collision.DAE
[0.793s] -- Installing: /home/jmendes/drone_ws/install/drone_gazebo/share/drone_gazebo/models/aws_robomaker_residential_Board_01/meshes/aws_Board_01_visual.DAE
[0.793s] -- Installing: /home/jmendes/drone_ws/install/drone_gazebo/share/drone_gazebo/models/aws_robomaker_residential_ChairD_01
[0.793s] -- Installing: /home/jmendes/drone_ws/install/drone_gazebo/share/drone_gazebo/models/aws_robomaker_residential_ChairD_01/model.sdf
[0.793s] -- Installing: /home/jmendes/drone_ws/install/drone_gazebo/share/drone_gazebo/models/aws_robomaker_residential_ChairD_01/model.config
[0.793s] -- Installing: /home/jmendes/drone_ws/install/drone_gazebo/share/drone_gazebo/models/aws_robomaker_residential_ChairD_01/materials
[0.793s] -- Installing: /home/jmendes/drone_ws/install/drone_gazebo/share/drone_gazebo/models/aws_robomaker_residential_ChairD_01/materials/textures
[0.793s] -- Installing: /home/jmendes/drone_ws/install/drone_gazebo/share/drone_gazebo/models/aws_robomaker_residential_ChairD_01/materials/textures/aws_ChairD_01.png
[0.793s] -- Installing: /home/jmendes/drone_ws/install/drone_gazebo/share/drone_gazebo/models/aws_robomaker_residential_ChairD_01/meshes
[0.793s] -- Installing: /home/jmendes/drone_ws/install/drone_gazebo/share/drone_gazebo/models/aws_robomaker_residential_ChairD_01/meshes/aws_ChairD_01_collision.DAE
[0.793s] -- Installing: /home/jmendes/drone_ws/install/drone_gazebo/share/drone_gazebo/models/aws_robomaker_residential_ChairD_01/meshes/aws_ChairD_01_visual.DAE
[0.793s] -- Installing: /home/jmendes/drone_ws/install/drone_gazebo/share/drone_gazebo/models/aws_robomaker_residential_DeskPortraitB_02
[0.794s] -- Installing: /home/jmendes/drone_ws/install/drone_gazebo/share/drone_gazebo/models/aws_robomaker_residential_DeskPortraitB_02/model.sdf
[0.794s] -- Installing: /home/jmendes/drone_ws/install/drone_gazebo/share/drone_gazebo/models/aws_robomaker_residential_DeskPortraitB_02/model.config
[0.794s] -- Installing: /home/jmendes/drone_ws/install/drone_gazebo/share/drone_gazebo/models/aws_robomaker_residential_DeskPortraitB_02/materials
[0.794s] -- Installing: /home/jmendes/drone_ws/install/drone_gazebo/share/drone_gazebo/models/aws_robomaker_residential_DeskPortraitB_02/materials/textures
[0.794s] -- Installing: /home/jmendes/drone_ws/install/drone_gazebo/share/drone_gazebo/models/aws_robomaker_residential_DeskPortraitB_02/materials/textures/aws_DeskPortraitB_02.png
[0.794s] -- Installing: /home/jmendes/drone_ws/install/drone_gazebo/share/drone_gazebo/models/aws_robomaker_residential_DeskPortraitB_02/materials/textures/DeskPortraitB_02.jpg
[0.798s] -- Installing: /home/jmendes/drone_ws/install/drone_gazebo/share/drone_gazebo/models/aws_robomaker_residential_DeskPortraitB_02/materials/textures/aws_DeskPortraitB_01.png
[0.798s] -- Installing: /home/jmendes/drone_ws/install/drone_gazebo/share/drone_gazebo/models/aws_robomaker_residential_DeskPortraitB_02/meshes
[0.798s] -- Installing: /home/jmendes/drone_ws/install/drone_gazebo/share/drone_gazebo/models/aws_robomaker_residential_DeskPortraitB_02/meshes/aws_DeskPortraitB_01_visual.DAE
[0.798s] -- Installing: /home/jmendes/drone_ws/install/drone_gazebo/share/drone_gazebo/models/aws_robomaker_residential_DeskPortraitB_02/meshes/aws_DeskPortraitB_01_collision.DAE
[0.798s] -- Installing: /home/jmendes/drone_ws/install/drone_gazebo/share/drone_gazebo/models/aws_robomaker_residential_Curtain_01
[0.798s] -- Installing: /home/jmendes/drone_ws/install/drone_gazebo/share/drone_gazebo/models/aws_robomaker_residential_Curtain_01/model.sdf
[0.798s] -- Installing: /home/jmendes/drone_ws/install/drone_gazebo/share/drone_gazebo/models/aws_robomaker_residential_Curtain_01/model.config
[0.798s] -- Installing: /home/jmendes/drone_ws/install/drone_gazebo/share/drone_gazebo/models/aws_robomaker_residential_Curtain_01/materials
[0.798s] -- Installing: /home/jmendes/drone_ws/install/drone_gazebo/share/drone_gazebo/models/aws_robomaker_residential_Curtain_01/materials/textures
[0.798s] -- Installing: /home/jmendes/drone_ws/install/drone_gazebo/share/drone_gazebo/models/aws_robomaker_residential_Curtain_01/materials/textures/aws_Curtain_01.png
[0.798s] -- Installing: /home/jmendes/drone_ws/install/drone_gazebo/share/drone_gazebo/models/aws_robomaker_residential_Curtain_01/meshes
[0.799s] -- Installing: /home/jmendes/drone_ws/install/drone_gazebo/share/drone_gazebo/models/aws_robomaker_residential_Curtain_01/meshes/aws_Curtain_01_collision.DAE
[0.799s] -- Installing: /home/jmendes/drone_ws/install/drone_gazebo/share/drone_gazebo/models/aws_robomaker_residential_Curtain_01/meshes/aws_Curtain_01_visual.DAE
[0.799s] -- Installing: /home/jmendes/drone_ws/install/drone_gazebo/share/drone_gazebo/models/aws_robomaker_residential_PortraitD_01
[0.799s] -- Installing: /home/jmendes/drone_ws/install/drone_gazebo/share/drone_gazebo/models/aws_robomaker_residential_PortraitD_01/model.sdf
[0.799s] -- Installing: /home/jmendes/drone_ws/install/drone_gazebo/share/drone_gazebo/models/aws_robomaker_residential_PortraitD_01/model.config
[0.799s] -- Installing: /home/jmendes/drone_ws/install/drone_gazebo/share/drone_gazebo/models/aws_robomaker_residential_PortraitD_01/materials
[0.799s] -- Installing: /home/jmendes/drone_ws/install/drone_gazebo/share/drone_gazebo/models/aws_robomaker_residential_PortraitD_01/materials/textures
[0.799s] -- Installing: /home/jmendes/drone_ws/install/drone_gazebo/share/drone_gazebo/models/aws_robomaker_residential_PortraitD_01/materials/textures/aws_PortraitD_02.png
[0.799s] -- Installing: /home/jmendes/drone_ws/install/drone_gazebo/share/drone_gazebo/models/aws_robomaker_residential_PortraitD_01/materials/textures/aws_PortraitD_01.png
[0.799s] -- Installing: /home/jmendes/drone_ws/install/drone_gazebo/share/drone_gazebo/models/aws_robomaker_residential_PortraitD_01/materials/textures/PortraitD_01.jpg
[0.800s] -- Installing: /home/jmendes/drone_ws/install/drone_gazebo/share/drone_gazebo/models/aws_robomaker_residential_PortraitD_01/meshes
[0.800s] -- Installing: /home/jmendes/drone_ws/install/drone_gazebo/share/drone_gazebo/models/aws_robomaker_residential_PortraitD_01/meshes/aws_PortraitD_01_visual.DAE
[0.800s] -- Installing: /home/jmendes/drone_ws/install/drone_gazebo/share/drone_gazebo/models/aws_robomaker_residential_PortraitD_01/meshes/aws_PortraitD_01_collision.DAE
[0.800s] -- Installing: /home/jmendes/drone_ws/install/drone_gazebo/share/drone_gazebo/models/aws_robomaker_residential_TV_01
[0.800s] -- Installing: /home/jmendes/drone_ws/install/drone_gazebo/share/drone_gazebo/models/aws_robomaker_residential_TV_01/model.sdf
[0.800s] -- Installing: /home/jmendes/drone_ws/install/drone_gazebo/share/drone_gazebo/models/aws_robomaker_residential_TV_01/model.config
[0.800s] -- Installing: /home/jmendes/drone_ws/install/drone_gazebo/share/drone_gazebo/models/aws_robomaker_residential_TV_01/materials
[0.800s] -- Installing: /home/jmendes/drone_ws/install/drone_gazebo/share/drone_gazebo/models/aws_robomaker_residential_TV_01/materials/textures
[0.800s] -- Installing: /home/jmendes/drone_ws/install/drone_gazebo/share/drone_gazebo/models/aws_robomaker_residential_TV_01/materials/textures/aws_TV_01.png
[0.800s] -- Installing: /home/jmendes/drone_ws/install/drone_gazebo/share/drone_gazebo/models/aws_robomaker_residential_TV_01/meshes
[0.801s] -- Installing: /home/jmendes/drone_ws/install/drone_gazebo/share/drone_gazebo/models/aws_robomaker_residential_TV_01/meshes/aws_TV_01_collision.DAE
[0.801s] -- Installing: /home/jmendes/drone_ws/install/drone_gazebo/share/drone_gazebo/models/aws_robomaker_residential_TV_01/meshes/aws_TV_01_visual.DAE
[0.801s] -- Installing: /home/jmendes/drone_ws/install/drone_gazebo/share/drone_gazebo/models/aws_robomaker_warehouse_ShelfE_01
[0.801s] -- Installing: /home/jmendes/drone_ws/install/drone_gazebo/share/drone_gazebo/models/aws_robomaker_warehouse_ShelfE_01/model.sdf
[0.801s] -- Installing: /home/jmendes/drone_ws/install/drone_gazebo/share/drone_gazebo/models/aws_robomaker_warehouse_ShelfE_01/.DS_Store
[0.801s] -- Installing: /home/jmendes/drone_ws/install/drone_gazebo/share/drone_gazebo/models/aws_robomaker_warehouse_ShelfE_01/model.config
[0.801s] -- Installing: /home/jmendes/drone_ws/install/drone_gazebo/share/drone_gazebo/models/aws_robomaker_warehouse_ShelfE_01/materials
[0.801s] -- Installing: /home/jmendes/drone_ws/install/drone_gazebo/share/drone_gazebo/models/aws_robomaker_warehouse_ShelfE_01/materials/.DS_Store
[0.801s] -- Installing: /home/jmendes/drone_ws/install/drone_gazebo/share/drone_gazebo/models/aws_robomaker_warehouse_ShelfE_01/materials/textures
[0.801s] -- Installing: /home/jmendes/drone_ws/install/drone_gazebo/share/drone_gazebo/models/aws_robomaker_warehouse_ShelfE_01/materials/textures/aws_robomaker_warehouse_ShelfE_04.png
[0.801s] -- Installing: /home/jmendes/drone_ws/install/drone_gazebo/share/drone_gazebo/models/aws_robomaker_warehouse_ShelfE_01/materials/textures/aws_robomaker_warehouse_ShelfE_01.png
[0.801s] -- Installing: /home/jmendes/drone_ws/install/drone_gazebo/share/drone_gazebo/models/aws_robomaker_warehouse_ShelfE_01/materials/textures/aws_robomaker_warehouse_ShelfE_03.png
[0.802s] -- Installing: /home/jmendes/drone_ws/install/drone_gazebo/share/drone_gazebo/models/aws_robomaker_warehouse_ShelfE_01/materials/textures/aws_robomaker_warehouse_ShelfE_02.png
[0.802s] -- Installing: /home/jmendes/drone_ws/install/drone_gazebo/share/drone_gazebo/models/aws_robomaker_warehouse_ShelfE_01/meshes
[0.802s] -- Installing: /home/jmendes/drone_ws/install/drone_gazebo/share/drone_gazebo/models/aws_robomaker_warehouse_ShelfE_01/meshes/aws_robomaker_warehouse_ShelfE_01_visual.DAE
[0.802s] -- Installing: /home/jmendes/drone_ws/install/drone_gazebo/share/drone_gazebo/models/aws_robomaker_warehouse_ShelfE_01/meshes/aws_robomaker_warehouse_ShelfE_01_collision.DAE
[0.802s] -- Installing: /home/jmendes/drone_ws/install/drone_gazebo/share/drone_gazebo/models/aws_robomaker_residential_LightC_01
[0.802s] -- Installing: /home/jmendes/drone_ws/install/drone_gazebo/share/drone_gazebo/models/aws_robomaker_residential_LightC_01/model.sdf
[0.802s] -- Installing: /home/jmendes/drone_ws/install/drone_gazebo/share/drone_gazebo/models/aws_robomaker_residential_LightC_01/model.config
[0.802s] -- Installing: /home/jmendes/drone_ws/install/drone_gazebo/share/drone_gazebo/models/aws_robomaker_residential_LightC_01/materials
[0.802s] -- Installing: /home/jmendes/drone_ws/install/drone_gazebo/share/drone_gazebo/models/aws_robomaker_residential_LightC_01/materials/textures
[0.802s] -- Installing: /home/jmendes/drone_ws/install/drone_gazebo/share/drone_gazebo/models/aws_robomaker_residential_LightC_01/materials/textures/aws_LightC_01.png
[0.803s] -- Installing: /home/jmendes/drone_ws/install/drone_gazebo/share/drone_gazebo/models/aws_robomaker_residential_LightC_01/meshes
[0.803s] -- Installing: /home/jmendes/drone_ws/install/drone_gazebo/share/drone_gazebo/models/aws_robomaker_residential_LightC_01/meshes/aws_LightC_01_visual.DAE
[0.803s] -- Installing: /home/jmendes/drone_ws/install/drone_gazebo/share/drone_gazebo/models/aws_robomaker_residential_LightC_01/meshes/aws_LightC_01_collision.DAE
[0.803s] -- Installing: /home/jmendes/drone_ws/install/drone_gazebo/share/drone_gazebo/models/aws_robomaker_residential_Sofa_01
[0.803s] -- Installing: /home/jmendes/drone_ws/install/drone_gazebo/share/drone_gazebo/models/aws_robomaker_residential_Sofa_01/model.sdf
[0.803s] -- Installing: /home/jmendes/drone_ws/install/drone_gazebo/share/drone_gazebo/models/aws_robomaker_residential_Sofa_01/model.config
[0.803s] -- Installing: /home/jmendes/drone_ws/install/drone_gazebo/share/drone_gazebo/models/aws_robomaker_residential_Sofa_01/materials
[0.803s] -- Installing: /home/jmendes/drone_ws/install/drone_gazebo/share/drone_gazebo/models/aws_robomaker_residential_Sofa_01/materials/textures
[0.803s] -- Installing: /home/jmendes/drone_ws/install/drone_gazebo/share/drone_gazebo/models/aws_robomaker_residential_Sofa_01/materials/textures/aws_Sofa_01.png
[0.803s] -- Installing: /home/jmendes/drone_ws/install/drone_gazebo/share/drone_gazebo/models/aws_robomaker_residential_Sofa_01/meshes
[0.803s] -- Installing: /home/jmendes/drone_ws/install/drone_gazebo/share/drone_gazebo/models/aws_robomaker_residential_Sofa_01/meshes/aws_Sofa_01.DAE
[0.804s] -- Installing: /home/jmendes/drone_ws/install/drone_gazebo/share/drone_gazebo/models/aws_robomaker_residential_Sofa_01/meshes/aws_Sofa_01_collision.DAE
[0.805s] -- Installing: /home/jmendes/drone_ws/install/drone_gazebo/share/drone_gazebo/models/aws_robomaker_residential_Sofa_01/meshes/aws_Sofa_01_visual.DAE
[0.805s] -- Installing: /home/jmendes/drone_ws/install/drone_gazebo/share/drone_gazebo/models/aws_robomaker_residential_RoomWall_01
[0.805s] -- Installing: /home/jmendes/drone_ws/install/drone_gazebo/share/drone_gazebo/models/aws_robomaker_residential_RoomWall_01/model.sdf
[0.805s] -- Installing: /home/jmendes/drone_ws/install/drone_gazebo/share/drone_gazebo/models/aws_robomaker_residential_RoomWall_01/model.config
[0.805s] -- Installing: /home/jmendes/drone_ws/install/drone_gazebo/share/drone_gazebo/models/aws_robomaker_residential_RoomWall_01/materials
[0.806s] -- Installing: /home/jmendes/drone_ws/install/drone_gazebo/share/drone_gazebo/models/aws_robomaker_residential_RoomWall_01/materials/textures
[0.806s] -- Installing: /home/jmendes/drone_ws/install/drone_gazebo/share/drone_gazebo/models/aws_robomaker_residential_RoomWall_01/materials/textures/aws_RoomWall_01.png
[0.808s] -- Installing: /home/jmendes/drone_ws/install/drone_gazebo/share/drone_gazebo/models/aws_robomaker_residential_RoomWall_01/meshes
[0.808s] -- Installing: /home/jmendes/drone_ws/install/drone_gazebo/share/drone_gazebo/models/aws_robomaker_residential_RoomWall_01/meshes/aws_RoomWall_01_collision.DAE
[0.808s] -- Installing: /home/jmendes/drone_ws/install/drone_gazebo/share/drone_gazebo/models/aws_robomaker_residential_RoomWall_01/meshes/aws_RoomWall_01_visual.DAE
[0.808s] -- Installing: /home/jmendes/drone_ws/install/drone_gazebo/share/drone_gazebo/models/aws_robomaker_warehouse_Lamp_01
[0.808s] -- Installing: /home/jmendes/drone_ws/install/drone_gazebo/share/drone_gazebo/models/aws_robomaker_warehouse_Lamp_01/model.sdf
[0.808s] -- Installing: /home/jmendes/drone_ws/install/drone_gazebo/share/drone_gazebo/models/aws_robomaker_warehouse_Lamp_01/model.config
[0.808s] -- Installing: /home/jmendes/drone_ws/install/drone_gazebo/share/drone_gazebo/models/aws_robomaker_warehouse_Lamp_01/materials
[0.808s] -- Installing: /home/jmendes/drone_ws/install/drone_gazebo/share/drone_gazebo/models/aws_robomaker_warehouse_Lamp_01/materials/textures
[0.808s] -- Installing: /home/jmendes/drone_ws/install/drone_gazebo/share/drone_gazebo/models/aws_robomaker_warehouse_Lamp_01/materials/textures/aws_robomaker_warehouse_Lamp_01.png
[0.808s] -- Installing: /home/jmendes/drone_ws/install/drone_gazebo/share/drone_gazebo/models/aws_robomaker_warehouse_Lamp_01/meshes
[0.808s] -- Installing: /home/jmendes/drone_ws/install/drone_gazebo/share/drone_gazebo/models/aws_robomaker_warehouse_Lamp_01/meshes/aws_robomaker_warehouse_Lamp_01_collision.DAE
[0.809s] -- Installing: /home/jmendes/drone_ws/install/drone_gazebo/share/drone_gazebo/models/aws_robomaker_warehouse_Lamp_01/meshes/aws_robomaker_warehouse_Lamp_01_visual.DAE
[0.809s] -- Installing: /home/jmendes/drone_ws/install/drone_gazebo/share/drone_gazebo/models/mustard
[0.809s] -- Installing: /home/jmendes/drone_ws/install/drone_gazebo/share/drone_gazebo/models/mustard/model.sdf
[0.809s] -- Installing: /home/jmendes/drone_ws/install/drone_gazebo/share/drone_gazebo/models/mustard/model.config
[0.809s] -- Installing: /home/jmendes/drone_ws/install/drone_gazebo/share/drone_gazebo/models/mustard/materials
[0.809s] -- Installing: /home/jmendes/drone_ws/install/drone_gazebo/share/drone_gazebo/models/mustard/materials/scripts
[0.809s] -- Installing: /home/jmendes/drone_ws/install/drone_gazebo/share/drone_gazebo/models/mustard/materials/scripts/mustard.material
[0.809s] -- Installing: /home/jmendes/drone_ws/install/drone_gazebo/share/drone_gazebo/models/mustard/materials/textures
[0.809s] -- Installing: /home/jmendes/drone_ws/install/drone_gazebo/share/drone_gazebo/models/mustard/materials/textures/optimized_tsdf_texture_mapped_mesh.png
[0.810s] -- Installing: /home/jmendes/drone_ws/install/drone_gazebo/share/drone_gazebo/models/mustard/meshes
[0.810s] -- Installing: /home/jmendes/drone_ws/install/drone_gazebo/share/drone_gazebo/models/mustard/meshes/texture_map.png
[0.811s] -- Installing: /home/jmendes/drone_ws/install/drone_gazebo/share/drone_gazebo/models/mustard/meshes/mustard.dae
[0.813s] -- Installing: /home/jmendes/drone_ws/install/drone_gazebo/share/drone_gazebo/models/ground_plane
[0.813s] -- Installing: /home/jmendes/drone_ws/install/drone_gazebo/share/drone_gazebo/models/ground_plane/model-1_2.sdf
[0.813s] -- Installing: /home/jmendes/drone_ws/install/drone_gazebo/share/drone_gazebo/models/ground_plane/model.sdf
[0.813s] -- Installing: /home/jmendes/drone_ws/install/drone_gazebo/share/drone_gazebo/models/ground_plane/model-1_3.sdf
[0.813s] -- Installing: /home/jmendes/drone_ws/install/drone_gazebo/share/drone_gazebo/models/ground_plane/model.config
[0.813s] -- Installing: /home/jmendes/drone_ws/install/drone_gazebo/share/drone_gazebo/models/ground_plane/model-1_4.sdf
[0.813s] -- Installing: /home/jmendes/drone_ws/install/drone_gazebo/share/drone_gazebo/models/aws_robomaker_residential_HouseWallB_01
[0.813s] -- Installing: /home/jmendes/drone_ws/install/drone_gazebo/share/drone_gazebo/models/aws_robomaker_residential_HouseWallB_01/model.sdf
[0.813s] -- Installing: /home/jmendes/drone_ws/install/drone_gazebo/share/drone_gazebo/models/aws_robomaker_residential_HouseWallB_01/model.config
[0.813s] -- Installing: /home/jmendes/drone_ws/install/drone_gazebo/share/drone_gazebo/models/aws_robomaker_residential_HouseWallB_01/materials
[0.813s] -- Installing: /home/jmendes/drone_ws/install/drone_gazebo/share/drone_gazebo/models/aws_robomaker_residential_HouseWallB_01/materials/textures
[0.813s] -- Installing: /home/jmendes/drone_ws/install/drone_gazebo/share/drone_gazebo/models/aws_robomaker_residential_HouseWallB_01/materials/textures/aws_HouseWallB_01.png
[0.814s] -- Installing: /home/jmendes/drone_ws/install/drone_gazebo/share/drone_gazebo/models/aws_robomaker_residential_HouseWallB_01/meshes
[0.814s] -- Installing: /home/jmendes/drone_ws/install/drone_gazebo/share/drone_gazebo/models/aws_robomaker_residential_HouseWallB_01/meshes/aws_HouseWallB_01_collision.DAE
[0.814s] -- Installing: /home/jmendes/drone_ws/install/drone_gazebo/share/drone_gazebo/models/aws_robomaker_residential_HouseWallB_01/meshes/aws_HouseWallB_01_visual.DAE
[0.814s] -- Installing: /home/jmendes/drone_ws/install/drone_gazebo/share/drone_gazebo/models/aws_robomaker_residential_PortraitE_02
[0.814s] -- Installing: /home/jmendes/drone_ws/install/drone_gazebo/share/drone_gazebo/models/aws_robomaker_residential_PortraitE_02/model.sdf
[0.814s] -- Installing: /home/jmendes/drone_ws/install/drone_gazebo/share/drone_gazebo/models/aws_robomaker_residential_PortraitE_02/model.config
[0.814s] -- Installing: /home/jmendes/drone_ws/install/drone_gazebo/share/drone_gazebo/models/aws_robomaker_residential_PortraitE_02/materials
[0.814s] -- Installing: /home/jmendes/drone_ws/install/drone_gazebo/share/drone_gazebo/models/aws_robomaker_residential_PortraitE_02/materials/textures
[0.814s] -- Installing: /home/jmendes/drone_ws/install/drone_gazebo/share/drone_gazebo/models/aws_robomaker_residential_PortraitE_02/materials/textures/aws_PortraitE_01.png
[0.814s] -- Installing: /home/jmendes/drone_ws/install/drone_gazebo/share/drone_gazebo/models/aws_robomaker_residential_PortraitE_02/materials/textures/aws_PortraitE_02.png
[0.814s] -- Installing: /home/jmendes/drone_ws/install/drone_gazebo/share/drone_gazebo/models/aws_robomaker_residential_PortraitE_02/materials/textures/PortraitE_02.jpg
[0.815s] -- Installing: /home/jmendes/drone_ws/install/drone_gazebo/share/drone_gazebo/models/aws_robomaker_residential_PortraitE_02/meshes
[0.815s] -- Installing: /home/jmendes/drone_ws/install/drone_gazebo/share/drone_gazebo/models/aws_robomaker_residential_PortraitE_02/meshes/aws_PortraitE_01_collision.DAE
[0.815s] -- Installing: /home/jmendes/drone_ws/install/drone_gazebo/share/drone_gazebo/models/aws_robomaker_residential_PortraitE_02/meshes/aws_PortraitE_01_visual.DAE
[0.815s] -- Installing: /home/jmendes/drone_ws/install/drone_gazebo/share/drone_gazebo/models/aws_robomaker_residential_PortraitC_01
[0.815s] -- Installing: /home/jmendes/drone_ws/install/drone_gazebo/share/drone_gazebo/models/aws_robomaker_residential_PortraitC_01/model.sdf
[0.815s] -- Installing: /home/jmendes/drone_ws/install/drone_gazebo/share/drone_gazebo/models/aws_robomaker_residential_PortraitC_01/model.config
[0.815s] -- Installing: /home/jmendes/drone_ws/install/drone_gazebo/share/drone_gazebo/models/aws_robomaker_residential_PortraitC_01/materials
[0.815s] -- Installing: /home/jmendes/drone_ws/install/drone_gazebo/share/drone_gazebo/models/aws_robomaker_residential_PortraitC_01/materials/textures
[0.815s] -- Installing: /home/jmendes/drone_ws/install/drone_gazebo/share/drone_gazebo/models/aws_robomaker_residential_PortraitC_01/materials/textures/aws_PortraitC_01.png
[0.815s] -- Installing: /home/jmendes/drone_ws/install/drone_gazebo/share/drone_gazebo/models/aws_robomaker_residential_PortraitC_01/materials/textures/PortraitC_01.jpg
[0.815s] -- Installing: /home/jmendes/drone_ws/install/drone_gazebo/share/drone_gazebo/models/aws_robomaker_residential_PortraitC_01/materials/textures/aws_PortraitC_02.png
[0.816s] -- Installing: /home/jmendes/drone_ws/install/drone_gazebo/share/drone_gazebo/models/aws_robomaker_residential_PortraitC_01/meshes
[0.816s] -- Installing: /home/jmendes/drone_ws/install/drone_gazebo/share/drone_gazebo/models/aws_robomaker_residential_PortraitC_01/meshes/aws_PortraitC_01_visual.DAE
[0.816s] -- Installing: /home/jmendes/drone_ws/install/drone_gazebo/share/drone_gazebo/models/aws_robomaker_residential_PortraitC_01/meshes/aws_PortraitC_01_collision.DAE
[0.816s] -- Installing: /home/jmendes/drone_ws/install/drone_gazebo/share/drone_gazebo/models/aws_robomaker_warehouse_RoofB_01
[0.816s] -- Installing: /home/jmendes/drone_ws/install/drone_gazebo/share/drone_gazebo/models/aws_robomaker_warehouse_RoofB_01/model.sdf
[0.816s] -- Installing: /home/jmendes/drone_ws/install/drone_gazebo/share/drone_gazebo/models/aws_robomaker_warehouse_RoofB_01/model.config
[0.816s] -- Installing: /home/jmendes/drone_ws/install/drone_gazebo/share/drone_gazebo/models/aws_robomaker_warehouse_RoofB_01/materials
[0.816s] -- Installing: /home/jmendes/drone_ws/install/drone_gazebo/share/drone_gazebo/models/aws_robomaker_warehouse_RoofB_01/materials/textures
[0.817s] -- Installing: /home/jmendes/drone_ws/install/drone_gazebo/share/drone_gazebo/models/aws_robomaker_warehouse_RoofB_01/materials/textures/aws_robomaker_warehouse_RoofB_01.png
[0.817s] -- Installing: /home/jmendes/drone_ws/install/drone_gazebo/share/drone_gazebo/models/aws_robomaker_warehouse_RoofB_01/meshes
[0.817s] -- Installing: /home/jmendes/drone_ws/install/drone_gazebo/share/drone_gazebo/models/aws_robomaker_warehouse_RoofB_01/meshes/aws_robomaker_warehouse_RoofB_01_collision.DAE
[0.817s] -- Installing: /home/jmendes/drone_ws/install/drone_gazebo/share/drone_gazebo/models/aws_robomaker_warehouse_RoofB_01/meshes/aws_robomaker_warehouse_RoofB_01_visual.DAE
[0.817s] -- Installing: /home/jmendes/drone_ws/install/drone_gazebo/share/drone_gazebo/models/aws_robomaker_residential_KitchenTable_01
[0.817s] -- Installing: /home/jmendes/drone_ws/install/drone_gazebo/share/drone_gazebo/models/aws_robomaker_residential_KitchenTable_01/model.sdf
[0.817s] -- Installing: /home/jmendes/drone_ws/install/drone_gazebo/share/drone_gazebo/models/aws_robomaker_residential_KitchenTable_01/model.config
[0.817s] -- Installing: /home/jmendes/drone_ws/install/drone_gazebo/share/drone_gazebo/models/aws_robomaker_residential_KitchenTable_01/materials
[0.817s] -- Installing: /home/jmendes/drone_ws/install/drone_gazebo/share/drone_gazebo/models/aws_robomaker_residential_KitchenTable_01/materials/textures
[0.817s] -- Installing: /home/jmendes/drone_ws/install/drone_gazebo/share/drone_gazebo/models/aws_robomaker_residential_KitchenTable_01/materials/textures/aws_KitchenTable_01.png
[0.818s] -- Installing: /home/jmendes/drone_ws/install/drone_gazebo/share/drone_gazebo/models/aws_robomaker_residential_KitchenTable_01/meshes
[0.818s] -- Installing: /home/jmendes/drone_ws/install/drone_gazebo/share/drone_gazebo/models/aws_robomaker_residential_KitchenTable_01/meshes/aws_KitchenTable_01_collision.DAE
[0.818s] -- Installing: /home/jmendes/drone_ws/install/drone_gazebo/share/drone_gazebo/models/aws_robomaker_residential_KitchenTable_01/meshes/aws_KitchenTable_01_visual.DAE
[0.818s] -- Installing: /home/jmendes/drone_ws/install/drone_gazebo/share/drone_gazebo/models/aws_robomaker_warehouse_ClutteringD_01
[0.818s] -- Installing: /home/jmendes/drone_ws/install/drone_gazebo/share/drone_gazebo/models/aws_robomaker_warehouse_ClutteringD_01/model.sdf
[0.818s] -- Installing: /home/jmendes/drone_ws/install/drone_gazebo/share/drone_gazebo/models/aws_robomaker_warehouse_ClutteringD_01/model.config
[0.818s] -- Installing: /home/jmendes/drone_ws/install/drone_gazebo/share/drone_gazebo/models/aws_robomaker_warehouse_ClutteringD_01/materials
[0.818s] -- Installing: /home/jmendes/drone_ws/install/drone_gazebo/share/drone_gazebo/models/aws_robomaker_warehouse_ClutteringD_01/materials/textures
[0.818s] -- Installing: /home/jmendes/drone_ws/install/drone_gazebo/share/drone_gazebo/models/aws_robomaker_warehouse_ClutteringD_01/materials/textures/aws_robomaker_warehouse_ClutteringD_01.png
[0.818s] -- Installing: /home/jmendes/drone_ws/install/drone_gazebo/share/drone_gazebo/models/aws_robomaker_warehouse_ClutteringD_01/materials/textures/aws_robomaker_warehouse_ClutteringD_02.png
[0.818s] -- Installing: /home/jmendes/drone_ws/install/drone_gazebo/share/drone_gazebo/models/aws_robomaker_warehouse_ClutteringD_01/meshes
[0.819s] -- Installing: /home/jmendes/drone_ws/install/drone_gazebo/share/drone_gazebo/models/aws_robomaker_warehouse_ClutteringD_01/meshes/aws_robomaker_warehouse_ClutteringD_01_visual.DAE
[0.819s] -- Installing: /home/jmendes/drone_ws/install/drone_gazebo/share/drone_gazebo/models/aws_robomaker_warehouse_ClutteringD_01/meshes/aws_robomaker_warehouse_ClutteringD_01_collision.DAE
[0.819s] -- Installing: /home/jmendes/drone_ws/install/drone_gazebo/share/drone_gazebo/models/aws_robomaker_warehouse_ClutteringA_01
[0.819s] -- Installing: /home/jmendes/drone_ws/install/drone_gazebo/share/drone_gazebo/models/aws_robomaker_warehouse_ClutteringA_01/model.sdf
[0.819s] -- Installing: /home/jmendes/drone_ws/install/drone_gazebo/share/drone_gazebo/models/aws_robomaker_warehouse_ClutteringA_01/.DS_Store
[0.819s] -- Installing: /home/jmendes/drone_ws/install/drone_gazebo/share/drone_gazebo/models/aws_robomaker_warehouse_ClutteringA_01/model.config
[0.819s] -- Installing: /home/jmendes/drone_ws/install/drone_gazebo/share/drone_gazebo/models/aws_robomaker_warehouse_ClutteringA_01/materials
[0.819s] -- Installing: /home/jmendes/drone_ws/install/drone_gazebo/share/drone_gazebo/models/aws_robomaker_warehouse_ClutteringA_01/materials/.DS_Store
[0.819s] -- Installing: /home/jmendes/drone_ws/install/drone_gazebo/share/drone_gazebo/models/aws_robomaker_warehouse_ClutteringA_01/materials/textures
[0.819s] -- Installing: /home/jmendes/drone_ws/install/drone_gazebo/share/drone_gazebo/models/aws_robomaker_warehouse_ClutteringA_01/materials/textures/aws_robomaker_warehouse_ClutteringA_03.png
[0.819s] -- Installing: /home/jmendes/drone_ws/install/drone_gazebo/share/drone_gazebo/models/aws_robomaker_warehouse_ClutteringA_01/materials/textures/aws_robomaker_warehouse_ClutteringA_01.png
[0.819s] -- Installing: /home/jmendes/drone_ws/install/drone_gazebo/share/drone_gazebo/models/aws_robomaker_warehouse_ClutteringA_01/materials/textures/.DS_Store
[0.820s] -- Installing: /home/jmendes/drone_ws/install/drone_gazebo/share/drone_gazebo/models/aws_robomaker_warehouse_ClutteringA_01/materials/textures/aws_robomaker_warehouse_ClutteringA_02.png
[0.820s] -- Installing: /home/jmendes/drone_ws/install/drone_gazebo/share/drone_gazebo/models/aws_robomaker_warehouse_ClutteringA_01/meshes
[0.820s] -- Installing: /home/jmendes/drone_ws/install/drone_gazebo/share/drone_gazebo/models/aws_robomaker_warehouse_ClutteringA_01/meshes/aws_robomaker_warehouse_ClutteringA_01_collision.DAE
[0.820s] -- Installing: /home/jmendes/drone_ws/install/drone_gazebo/share/drone_gazebo/models/aws_robomaker_warehouse_ClutteringA_01/meshes/aws_robomaker_warehouse_ClutteringA_01_visual.DAE
[0.820s] -- Installing: /home/jmendes/drone_ws/install/drone_gazebo/share/drone_gazebo/models/aws_robomaker_residential_DeskPortraitD_01
[0.820s] -- Installing: /home/jmendes/drone_ws/install/drone_gazebo/share/drone_gazebo/models/aws_robomaker_residential_DeskPortraitD_01/model.sdf
[0.820s] -- Installing: /home/jmendes/drone_ws/install/drone_gazebo/share/drone_gazebo/models/aws_robomaker_residential_DeskPortraitD_01/model.config
[0.820s] -- Installing: /home/jmendes/drone_ws/install/drone_gazebo/share/drone_gazebo/models/aws_robomaker_residential_DeskPortraitD_01/materials
[0.820s] -- Installing: /home/jmendes/drone_ws/install/drone_gazebo/share/drone_gazebo/models/aws_robomaker_residential_DeskPortraitD_01/materials/textures
[0.820s] -- Installing: /home/jmendes/drone_ws/install/drone_gazebo/share/drone_gazebo/models/aws_robomaker_residential_DeskPortraitD_01/materials/textures/aws_DeskPortraitD_01.png
[0.820s] -- Installing: /home/jmendes/drone_ws/install/drone_gazebo/share/drone_gazebo/models/aws_robomaker_residential_DeskPortraitD_01/materials/textures/DeskPortraitD_01.jpg
[0.821s] -- Installing: /home/jmendes/drone_ws/install/drone_gazebo/share/drone_gazebo/models/aws_robomaker_residential_DeskPortraitD_01/materials/textures/aws_DeskPortraitD_02.png
[0.822s] -- Installing: /home/jmendes/drone_ws/install/drone_gazebo/share/drone_gazebo/models/aws_robomaker_residential_DeskPortraitD_01/meshes
[0.822s] -- Installing: /home/jmendes/drone_ws/install/drone_gazebo/share/drone_gazebo/models/aws_robomaker_residential_DeskPortraitD_01/meshes/aws_DeskPortraitD_01_collision.DAE
[0.822s] -- Installing: /home/jmendes/drone_ws/install/drone_gazebo/share/drone_gazebo/models/aws_robomaker_residential_DeskPortraitD_01/meshes/aws_DeskPortraitD_01_visual.DAE
[0.822s] -- Installing: /home/jmendes/drone_ws/install/drone_gazebo/share/drone_gazebo/models/aws_robomaker_residential_RoomCeiling_01
[0.822s] -- Installing: /home/jmendes/drone_ws/install/drone_gazebo/share/drone_gazebo/models/aws_robomaker_residential_RoomCeiling_01/model.sdf
[0.822s] -- Installing: /home/jmendes/drone_ws/install/drone_gazebo/share/drone_gazebo/models/aws_robomaker_residential_RoomCeiling_01/model.config
[0.822s] -- Installing: /home/jmendes/drone_ws/install/drone_gazebo/share/drone_gazebo/models/aws_robomaker_residential_RoomCeiling_01/materials
[0.822s] -- Installing: /home/jmendes/drone_ws/install/drone_gazebo/share/drone_gazebo/models/aws_robomaker_residential_RoomCeiling_01/materials/textures
[0.822s] -- Installing: /home/jmendes/drone_ws/install/drone_gazebo/share/drone_gazebo/models/aws_robomaker_residential_RoomCeiling_01/materials/textures/aws_RoomCeiling_01.png
[0.823s] -- Installing: /home/jmendes/drone_ws/install/drone_gazebo/share/drone_gazebo/models/aws_robomaker_residential_RoomCeiling_01/meshes
[0.823s] -- Installing: /home/jmendes/drone_ws/install/drone_gazebo/share/drone_gazebo/models/aws_robomaker_residential_RoomCeiling_01/meshes/aws_RoomCeiling_01_visual.DAE
[0.823s] -- Installing: /home/jmendes/drone_ws/install/drone_gazebo/share/drone_gazebo/models/aws_robomaker_residential_RoomCeiling_01/meshes/aws_RoomCeiling_01_collision.DAE
[0.823s] -- Installing: /home/jmendes/drone_ws/install/drone_gazebo/share/drone_gazebo/models/aws_robomaker_residential_Pillow_01
[0.823s] -- Installing: /home/jmendes/drone_ws/install/drone_gazebo/share/drone_gazebo/models/aws_robomaker_residential_Pillow_01/model.sdf
[0.823s] -- Installing: /home/jmendes/drone_ws/install/drone_gazebo/share/drone_gazebo/models/aws_robomaker_residential_Pillow_01/model.config
[0.823s] -- Installing: /home/jmendes/drone_ws/install/drone_gazebo/share/drone_gazebo/models/aws_robomaker_residential_Pillow_01/materials
[0.823s] -- Installing: /home/jmendes/drone_ws/install/drone_gazebo/share/drone_gazebo/models/aws_robomaker_residential_Pillow_01/materials/textures
[0.823s] -- Installing: /home/jmendes/drone_ws/install/drone_gazebo/share/drone_gazebo/models/aws_robomaker_residential_Pillow_01/materials/textures/aws_Pillow_01.png
[0.824s] -- Installing: /home/jmendes/drone_ws/install/drone_gazebo/share/drone_gazebo/models/aws_robomaker_residential_Pillow_01/meshes
[0.824s] -- Installing: /home/jmendes/drone_ws/install/drone_gazebo/share/drone_gazebo/models/aws_robomaker_residential_Pillow_01/meshes/aws_Pillow_01_collision.DAE
[0.825s] -- Installing: /home/jmendes/drone_ws/install/drone_gazebo/share/drone_gazebo/models/aws_robomaker_residential_Pillow_01/meshes/aws_Pillow_01_visual.DAE
[0.825s] -- Installing: /home/jmendes/drone_ws/install/drone_gazebo/share/drone_gazebo/models/aws_robomaker_residential_PortraitA_02
[0.825s] -- Installing: /home/jmendes/drone_ws/install/drone_gazebo/share/drone_gazebo/models/aws_robomaker_residential_PortraitA_02/model.sdf
[0.825s] -- Installing: /home/jmendes/drone_ws/install/drone_gazebo/share/drone_gazebo/models/aws_robomaker_residential_PortraitA_02/model.config
[0.825s] -- Installing: /home/jmendes/drone_ws/install/drone_gazebo/share/drone_gazebo/models/aws_robomaker_residential_PortraitA_02/materials
[0.826s] -- Installing: /home/jmendes/drone_ws/install/drone_gazebo/share/drone_gazebo/models/aws_robomaker_residential_PortraitA_02/materials/textures
[0.826s] -- Installing: /home/jmendes/drone_ws/install/drone_gazebo/share/drone_gazebo/models/aws_robomaker_residential_PortraitA_02/materials/textures/PortraitA_02.jpg
[0.826s] -- Installing: /home/jmendes/drone_ws/install/drone_gazebo/share/drone_gazebo/models/aws_robomaker_residential_PortraitA_02/materials/textures/aws_PortraitA_01.png
[0.826s] -- Installing: /home/jmendes/drone_ws/install/drone_gazebo/share/drone_gazebo/models/aws_robomaker_residential_PortraitA_02/materials/textures/aws_PortraitA_02.png
[0.827s] -- Installing: /home/jmendes/drone_ws/install/drone_gazebo/share/drone_gazebo/models/aws_robomaker_residential_PortraitA_02/meshes
[0.827s] -- Installing: /home/jmendes/drone_ws/install/drone_gazebo/share/drone_gazebo/models/aws_robomaker_residential_PortraitA_02/meshes/aws_PortraitA_01_collision.DAE
[0.827s] -- Installing: /home/jmendes/drone_ws/install/drone_gazebo/share/drone_gazebo/models/aws_robomaker_residential_PortraitA_02/meshes/aws_PortraitA_01_visual.DAE
[0.827s] -- Installing: /home/jmendes/drone_ws/install/drone_gazebo/share/drone_gazebo/models/aws_robomaker_residential_FoldingDoor_01
[0.827s] -- Installing: /home/jmendes/drone_ws/install/drone_gazebo/share/drone_gazebo/models/aws_robomaker_residential_FoldingDoor_01/model.sdf
[0.827s] -- Installing: /home/jmendes/drone_ws/install/drone_gazebo/share/drone_gazebo/models/aws_robomaker_residential_FoldingDoor_01/model.config
[0.827s] -- Installing: /home/jmendes/drone_ws/install/drone_gazebo/share/drone_gazebo/models/aws_robomaker_residential_FoldingDoor_01/materials
[0.827s] -- Installing: /home/jmendes/drone_ws/install/drone_gazebo/share/drone_gazebo/models/aws_robomaker_residential_FoldingDoor_01/materials/textures
[0.827s] -- Installing: /home/jmendes/drone_ws/install/drone_gazebo/share/drone_gazebo/models/aws_robomaker_residential_FoldingDoor_01/materials/textures/aws_FoldingDoor_01.png
[0.827s] -- Installing: /home/jmendes/drone_ws/install/drone_gazebo/share/drone_gazebo/models/aws_robomaker_residential_FoldingDoor_01/meshes
[0.828s] -- Installing: /home/jmendes/drone_ws/install/drone_gazebo/share/drone_gazebo/models/aws_robomaker_residential_FoldingDoor_01/meshes/aws_FoldingDoor_01_collision.DAE
[0.828s] -- Installing: /home/jmendes/drone_ws/install/drone_gazebo/share/drone_gazebo/models/aws_robomaker_residential_FoldingDoor_01/meshes/aws_FoldingDoor_01_visual.DAE
[0.828s] -- Installing: /home/jmendes/drone_ws/install/drone_gazebo/share/drone_gazebo/models/aws_robomaker_residential_CookingBench_01
[0.828s] -- Installing: /home/jmendes/drone_ws/install/drone_gazebo/share/drone_gazebo/models/aws_robomaker_residential_CookingBench_01/model.sdf
[0.828s] -- Installing: /home/jmendes/drone_ws/install/drone_gazebo/share/drone_gazebo/models/aws_robomaker_residential_CookingBench_01/model.config
[0.828s] -- Installing: /home/jmendes/drone_ws/install/drone_gazebo/share/drone_gazebo/models/aws_robomaker_residential_CookingBench_01/materials
[0.828s] -- Installing: /home/jmendes/drone_ws/install/drone_gazebo/share/drone_gazebo/models/aws_robomaker_residential_CookingBench_01/materials/textures
[0.828s] -- Installing: /home/jmendes/drone_ws/install/drone_gazebo/share/drone_gazebo/models/aws_robomaker_residential_CookingBench_01/materials/textures/aws_CookingBench_01.png
[0.829s] -- Installing: /home/jmendes/drone_ws/install/drone_gazebo/share/drone_gazebo/models/aws_robomaker_residential_CookingBench_01/meshes
[0.829s] -- Installing: /home/jmendes/drone_ws/install/drone_gazebo/share/drone_gazebo/models/aws_robomaker_residential_CookingBench_01/meshes/aws_CookingBench_01_visual.DAE
[0.829s] -- Installing: /home/jmendes/drone_ws/install/drone_gazebo/share/drone_gazebo/models/aws_robomaker_residential_CookingBench_01/meshes/aws_CookingBench_01.DAE
[0.829s] -- Installing: /home/jmendes/drone_ws/install/drone_gazebo/share/drone_gazebo/models/aws_robomaker_residential_CookingBench_01/meshes/aws_CookingBench_01_collision.DAE
[0.829s] -- Installing: /home/jmendes/drone_ws/install/drone_gazebo/share/drone_gazebo/models/aws_robomaker_residential_TV_02
[0.829s] -- Installing: /home/jmendes/drone_ws/install/drone_gazebo/share/drone_gazebo/models/aws_robomaker_residential_TV_02/model.sdf
[0.829s] -- Installing: /home/jmendes/drone_ws/install/drone_gazebo/share/drone_gazebo/models/aws_robomaker_residential_TV_02/model.config
[0.829s] -- Installing: /home/jmendes/drone_ws/install/drone_gazebo/share/drone_gazebo/models/aws_robomaker_residential_TV_02/materials
[0.829s] -- Installing: /home/jmendes/drone_ws/install/drone_gazebo/share/drone_gazebo/models/aws_robomaker_residential_TV_02/materials/textures
[0.830s] -- Installing: /home/jmendes/drone_ws/install/drone_gazebo/share/drone_gazebo/models/aws_robomaker_residential_TV_02/materials/textures/aws_TV_01.png
[0.830s] -- Installing: /home/jmendes/drone_ws/install/drone_gazebo/share/drone_gazebo/models/aws_robomaker_residential_TV_02/meshes
[0.830s] -- Installing: /home/jmendes/drone_ws/install/drone_gazebo/share/drone_gazebo/models/aws_robomaker_residential_TV_02/meshes/aws_TV_01_collision.DAE
[0.830s] -- Installing: /home/jmendes/drone_ws/install/drone_gazebo/share/drone_gazebo/models/aws_robomaker_residential_TV_02/meshes/aws_TV_01_visual.DAE
[0.830s] -- Installing: /home/jmendes/drone_ws/install/drone_gazebo/share/drone_gazebo/models/aws_robomaker_residential_TVCabinet_01
[0.830s] -- Installing: /home/jmendes/drone_ws/install/drone_gazebo/share/drone_gazebo/models/aws_robomaker_residential_TVCabinet_01/model.sdf
[0.830s] -- Installing: /home/jmendes/drone_ws/install/drone_gazebo/share/drone_gazebo/models/aws_robomaker_residential_TVCabinet_01/model.config
[0.830s] -- Installing: /home/jmendes/drone_ws/install/drone_gazebo/share/drone_gazebo/models/aws_robomaker_residential_TVCabinet_01/materials
[0.830s] -- Installing: /home/jmendes/drone_ws/install/drone_gazebo/share/drone_gazebo/models/aws_robomaker_residential_TVCabinet_01/materials/textures
[0.830s] -- Installing: /home/jmendes/drone_ws/install/drone_gazebo/share/drone_gazebo/models/aws_robomaker_residential_TVCabinet_01/materials/textures/aws_TVCabinet_01.png
[0.831s] -- Installing: /home/jmendes/drone_ws/install/drone_gazebo/share/drone_gazebo/models/aws_robomaker_residential_TVCabinet_01/meshes
[0.831s] -- Installing: /home/jmendes/drone_ws/install/drone_gazebo/share/drone_gazebo/models/aws_robomaker_residential_TVCabinet_01/meshes/aws_TVCabinet_01_visual.DAE
[0.831s] -- Installing: /home/jmendes/drone_ws/install/drone_gazebo/share/drone_gazebo/models/aws_robomaker_residential_TVCabinet_01/meshes/aws_TVCabinet_01_collision.DAE
[0.831s] -- Installing: /home/jmendes/drone_ws/install/drone_gazebo/share/drone_gazebo/models/aws_robomaker_residential_DeskPortraitC_02
[0.831s] -- Installing: /home/jmendes/drone_ws/install/drone_gazebo/share/drone_gazebo/models/aws_robomaker_residential_DeskPortraitC_02/model.sdf
[0.831s] -- Installing: /home/jmendes/drone_ws/install/drone_gazebo/share/drone_gazebo/models/aws_robomaker_residential_DeskPortraitC_02/model.config
[0.831s] -- Installing: /home/jmendes/drone_ws/install/drone_gazebo/share/drone_gazebo/models/aws_robomaker_residential_DeskPortraitC_02/materials
[0.831s] -- Installing: /home/jmendes/drone_ws/install/drone_gazebo/share/drone_gazebo/models/aws_robomaker_residential_DeskPortraitC_02/materials/textures
[0.831s] -- Installing: /home/jmendes/drone_ws/install/drone_gazebo/share/drone_gazebo/models/aws_robomaker_residential_DeskPortraitC_02/materials/textures/aws_DeskPortraitC_01.png
[0.831s] -- Installing: /home/jmendes/drone_ws/install/drone_gazebo/share/drone_gazebo/models/aws_robomaker_residential_DeskPortraitC_02/materials/textures/DeskPortraitC_02.jpg
[0.831s] -- Installing: /home/jmendes/drone_ws/install/drone_gazebo/share/drone_gazebo/models/aws_robomaker_residential_DeskPortraitC_02/materials/textures/aws_DeskPortraitC_02.png
[0.832s] -- Installing: /home/jmendes/drone_ws/install/drone_gazebo/share/drone_gazebo/models/aws_robomaker_residential_DeskPortraitC_02/meshes
[0.832s] -- Installing: /home/jmendes/drone_ws/install/drone_gazebo/share/drone_gazebo/models/aws_robomaker_residential_DeskPortraitC_02/meshes/aws_DeskPortraitC_01_visual.DAE
[0.832s] -- Installing: /home/jmendes/drone_ws/install/drone_gazebo/share/drone_gazebo/models/aws_robomaker_residential_DeskPortraitC_02/meshes/aws_DeskPortraitC_01_collision.DAE
[0.832s] -- Installing: /home/jmendes/drone_ws/install/drone_gazebo/share/drone_gazebo/models/aws_robomaker_residential_FloorB_01
[0.833s] -- Installing: /home/jmendes/drone_ws/install/drone_gazebo/share/drone_gazebo/models/aws_robomaker_residential_FloorB_01/model.sdf
[0.833s] -- Installing: /home/jmendes/drone_ws/install/drone_gazebo/share/drone_gazebo/models/aws_robomaker_residential_FloorB_01/model.config
[0.833s] -- Installing: /home/jmendes/drone_ws/install/drone_gazebo/share/drone_gazebo/models/aws_robomaker_residential_FloorB_01/materials
[0.833s] -- Installing: /home/jmendes/drone_ws/install/drone_gazebo/share/drone_gazebo/models/aws_robomaker_residential_FloorB_01/materials/textures
[0.833s] -- Installing: /home/jmendes/drone_ws/install/drone_gazebo/share/drone_gazebo/models/aws_robomaker_residential_FloorB_01/materials/textures/aws_FloorB_01.png
[0.833s] -- Installing: /home/jmendes/drone_ws/install/drone_gazebo/share/drone_gazebo/models/aws_robomaker_residential_FloorB_01/meshes
[0.833s] -- Installing: /home/jmendes/drone_ws/install/drone_gazebo/share/drone_gazebo/models/aws_robomaker_residential_FloorB_01/meshes/aws_FloorB_01_collision.DAE
[0.833s] -- Installing: /home/jmendes/drone_ws/install/drone_gazebo/share/drone_gazebo/models/aws_robomaker_residential_FloorB_01/meshes/aws_FloorB_01_visual.DAE
[0.833s] -- Installing: /home/jmendes/drone_ws/install/drone_gazebo/share/drone_gazebo/models/aws_robomaker_residential_PortraitB_01
[0.833s] -- Installing: /home/jmendes/drone_ws/install/drone_gazebo/share/drone_gazebo/models/aws_robomaker_residential_PortraitB_01/model.sdf
[0.833s] -- Installing: /home/jmendes/drone_ws/install/drone_gazebo/share/drone_gazebo/models/aws_robomaker_residential_PortraitB_01/model.config
[0.833s] -- Installing: /home/jmendes/drone_ws/install/drone_gazebo/share/drone_gazebo/models/aws_robomaker_residential_PortraitB_01/materials
[0.833s] -- Installing: /home/jmendes/drone_ws/install/drone_gazebo/share/drone_gazebo/models/aws_robomaker_residential_PortraitB_01/materials/textures
[0.833s] -- Installing: /home/jmendes/drone_ws/install/drone_gazebo/share/drone_gazebo/models/aws_robomaker_residential_PortraitB_01/materials/textures/aws_PortraitB_02.png
[0.833s] -- Installing: /home/jmendes/drone_ws/install/drone_gazebo/share/drone_gazebo/models/aws_robomaker_residential_PortraitB_01/materials/textures/aws_PortraitB_01.png
[0.834s] -- Installing: /home/jmendes/drone_ws/install/drone_gazebo/share/drone_gazebo/models/aws_robomaker_residential_PortraitB_01/materials/textures/PortraitB_01.jpg
[0.834s] -- Installing: /home/jmendes/drone_ws/install/drone_gazebo/share/drone_gazebo/models/aws_robomaker_residential_PortraitB_01/meshes
[0.834s] -- Installing: /home/jmendes/drone_ws/install/drone_gazebo/share/drone_gazebo/models/aws_robomaker_residential_PortraitB_01/meshes/aws_PortraitB_01_visual.DAE
[0.834s] -- Installing: /home/jmendes/drone_ws/install/drone_gazebo/share/drone_gazebo/models/aws_robomaker_residential_PortraitB_01/meshes/aws_PortraitB_01_collision.DAE
[0.834s] -- Installing: /home/jmendes/drone_ws/install/drone_gazebo/share/drone_gazebo/models/aws_robomaker_warehouse_Bucket_01
[0.834s] -- Installing: /home/jmendes/drone_ws/install/drone_gazebo/share/drone_gazebo/models/aws_robomaker_warehouse_Bucket_01/model.sdf
[0.835s] -- Installing: /home/jmendes/drone_ws/install/drone_gazebo/share/drone_gazebo/models/aws_robomaker_warehouse_Bucket_01/.DS_Store
[0.835s] -- Installing: /home/jmendes/drone_ws/install/drone_gazebo/share/drone_gazebo/models/aws_robomaker_warehouse_Bucket_01/model.config
[0.835s] -- Installing: /home/jmendes/drone_ws/install/drone_gazebo/share/drone_gazebo/models/aws_robomaker_warehouse_Bucket_01/materials
[0.835s] -- Installing: /home/jmendes/drone_ws/install/drone_gazebo/share/drone_gazebo/models/aws_robomaker_warehouse_Bucket_01/materials/.DS_Store
[0.835s] -- Installing: /home/jmendes/drone_ws/install/drone_gazebo/share/drone_gazebo/models/aws_robomaker_warehouse_Bucket_01/materials/textures
[0.835s] -- Installing: /home/jmendes/drone_ws/install/drone_gazebo/share/drone_gazebo/models/aws_robomaker_warehouse_Bucket_01/materials/textures/aws_robomaker_warehouse_Bucket_01.png
[0.835s] -- Installing: /home/jmendes/drone_ws/install/drone_gazebo/share/drone_gazebo/models/aws_robomaker_warehouse_Bucket_01/meshes
[0.835s] -- Installing: /home/jmendes/drone_ws/install/drone_gazebo/share/drone_gazebo/models/aws_robomaker_warehouse_Bucket_01/meshes/aws_robomaker_warehouse_Bucket_01_collision.DAE
[0.835s] -- Installing: /home/jmendes/drone_ws/install/drone_gazebo/share/drone_gazebo/models/aws_robomaker_warehouse_Bucket_01/meshes/aws_robomaker_warehouse_Bucket_01_visual.DAE
[0.835s] -- Installing: /home/jmendes/drone_ws/install/drone_gazebo/share/drone_gazebo/models/aws_robomaker_residential_ShoeRack_01
[0.835s] -- Installing: /home/jmendes/drone_ws/install/drone_gazebo/share/drone_gazebo/models/aws_robomaker_residential_ShoeRack_01/model.sdf
[0.835s] -- Installing: /home/jmendes/drone_ws/install/drone_gazebo/share/drone_gazebo/models/aws_robomaker_residential_ShoeRack_01/model.config
[0.835s] -- Installing: /home/jmendes/drone_ws/install/drone_gazebo/share/drone_gazebo/models/aws_robomaker_residential_ShoeRack_01/materials
[0.835s] -- Installing: /home/jmendes/drone_ws/install/drone_gazebo/share/drone_gazebo/models/aws_robomaker_residential_ShoeRack_01/materials/textures
[0.836s] -- Installing: /home/jmendes/drone_ws/install/drone_gazebo/share/drone_gazebo/models/aws_robomaker_residential_ShoeRack_01/materials/textures/aws_ShoeRack_01.png
[0.836s] -- Installing: /home/jmendes/drone_ws/install/drone_gazebo/share/drone_gazebo/models/aws_robomaker_residential_ShoeRack_01/meshes
[0.836s] -- Installing: /home/jmendes/drone_ws/install/drone_gazebo/share/drone_gazebo/models/aws_robomaker_residential_ShoeRack_01/meshes/aws_ShoeRack_01_visual.DAE
[0.836s] -- Installing: /home/jmendes/drone_ws/install/drone_gazebo/share/drone_gazebo/models/aws_robomaker_residential_ShoeRack_01/meshes/aws_ShoeRack_01_collision.DAE
[0.836s] -- Installing: /home/jmendes/drone_ws/install/drone_gazebo/share/drone_gazebo/models/aws_robomaker_residential_Trash_01
[0.836s] -- Installing: /home/jmendes/drone_ws/install/drone_gazebo/share/drone_gazebo/models/aws_robomaker_residential_Trash_01/model.sdf
[0.836s] -- Installing: /home/jmendes/drone_ws/install/drone_gazebo/share/drone_gazebo/models/aws_robomaker_residential_Trash_01/model.config
[0.836s] -- Installing: /home/jmendes/drone_ws/install/drone_gazebo/share/drone_gazebo/models/aws_robomaker_residential_Trash_01/materials
[0.836s] -- Installing: /home/jmendes/drone_ws/install/drone_gazebo/share/drone_gazebo/models/aws_robomaker_residential_Trash_01/materials/textures
[0.836s] -- Installing: /home/jmendes/drone_ws/install/drone_gazebo/share/drone_gazebo/models/aws_robomaker_residential_Trash_01/materials/textures/aws_Trash_01.png
[0.837s] -- Installing: /home/jmendes/drone_ws/install/drone_gazebo/share/drone_gazebo/models/aws_robomaker_residential_Trash_01/meshes
[0.837s] -- Installing: /home/jmendes/drone_ws/install/drone_gazebo/share/drone_gazebo/models/aws_robomaker_residential_Trash_01/meshes/aws_Trash_01_visual.DAE
[0.837s] -- Installing: /home/jmendes/drone_ws/install/drone_gazebo/share/drone_gazebo/models/aws_robomaker_residential_Trash_01/meshes/aws_Trash_01_collision.DAE
[0.837s] -- Installing: /home/jmendes/drone_ws/install/drone_gazebo/share/drone_gazebo/models/aws_robomaker_residential_NightStand_01
[0.837s] -- Installing: /home/jmendes/drone_ws/install/drone_gazebo/share/drone_gazebo/models/aws_robomaker_residential_NightStand_01/model.sdf
[0.837s] -- Installing: /home/jmendes/drone_ws/install/drone_gazebo/share/drone_gazebo/models/aws_robomaker_residential_NightStand_01/model.config
[0.837s] -- Installing: /home/jmendes/drone_ws/install/drone_gazebo/share/drone_gazebo/models/aws_robomaker_residential_NightStand_01/materials
[0.837s] -- Installing: /home/jmendes/drone_ws/install/drone_gazebo/share/drone_gazebo/models/aws_robomaker_residential_NightStand_01/materials/textures
[0.837s] -- Installing: /home/jmendes/drone_ws/install/drone_gazebo/share/drone_gazebo/models/aws_robomaker_residential_NightStand_01/materials/textures/aws_NightStand_01.png
[0.837s] -- Installing: /home/jmendes/drone_ws/install/drone_gazebo/share/drone_gazebo/models/aws_robomaker_residential_NightStand_01/meshes
[0.837s] -- Installing: /home/jmendes/drone_ws/install/drone_gazebo/share/drone_gazebo/models/aws_robomaker_residential_NightStand_01/meshes/aws_NightStand_01_collision.DAE
[0.837s] -- Installing: /home/jmendes/drone_ws/install/drone_gazebo/share/drone_gazebo/models/aws_robomaker_residential_NightStand_01/meshes/aws_NightStand_01_visual.DAE
[0.837s] -- Installing: /home/jmendes/drone_ws/install/drone_gazebo/share/drone_gazebo/models/aws_robomaker_residential_CoffeeTable_01
[0.837s] -- Installing: /home/jmendes/drone_ws/install/drone_gazebo/share/drone_gazebo/models/aws_robomaker_residential_CoffeeTable_01/model.sdf
[0.838s] -- Installing: /home/jmendes/drone_ws/install/drone_gazebo/share/drone_gazebo/models/aws_robomaker_residential_CoffeeTable_01/model.config
[0.838s] -- Installing: /home/jmendes/drone_ws/install/drone_gazebo/share/drone_gazebo/models/aws_robomaker_residential_CoffeeTable_01/materials
[0.838s] -- Installing: /home/jmendes/drone_ws/install/drone_gazebo/share/drone_gazebo/models/aws_robomaker_residential_CoffeeTable_01/materials/textures
[0.838s] -- Installing: /home/jmendes/drone_ws/install/drone_gazebo/share/drone_gazebo/models/aws_robomaker_residential_CoffeeTable_01/materials/textures/aws_CoffeeTable_01.png
[0.838s] -- Installing: /home/jmendes/drone_ws/install/drone_gazebo/share/drone_gazebo/models/aws_robomaker_residential_CoffeeTable_01/meshes
[0.838s] -- Installing: /home/jmendes/drone_ws/install/drone_gazebo/share/drone_gazebo/models/aws_robomaker_residential_CoffeeTable_01/meshes/aws_CoffeeTable_01_collision.DAE
[0.838s] -- Installing: /home/jmendes/drone_ws/install/drone_gazebo/share/drone_gazebo/models/aws_robomaker_residential_CoffeeTable_01/meshes/aws_CoffeeTable_01_visual.DAE
[0.838s] -- Installing: /home/jmendes/drone_ws/install/drone_gazebo/share/drone_gazebo/models/aws_robomaker_residential_AirconditionerA_01
[0.838s] -- Installing: /home/jmendes/drone_ws/install/drone_gazebo/share/drone_gazebo/models/aws_robomaker_residential_AirconditionerA_01/model.sdf
[0.838s] -- Installing: /home/jmendes/drone_ws/install/drone_gazebo/share/drone_gazebo/models/aws_robomaker_residential_AirconditionerA_01/model.config
[0.838s] -- Installing: /home/jmendes/drone_ws/install/drone_gazebo/share/drone_gazebo/models/aws_robomaker_residential_AirconditionerA_01/materials
[0.839s] -- Installing: /home/jmendes/drone_ws/install/drone_gazebo/share/drone_gazebo/models/aws_robomaker_residential_AirconditionerA_01/materials/textures
[0.839s] -- Installing: /home/jmendes/drone_ws/install/drone_gazebo/share/drone_gazebo/models/aws_robomaker_residential_AirconditionerA_01/materials/textures/aws_AirconditionerA_01.png
[0.839s] -- Installing: /home/jmendes/drone_ws/install/drone_gazebo/share/drone_gazebo/models/aws_robomaker_residential_AirconditionerA_01/meshes
[0.839s] -- Installing: /home/jmendes/drone_ws/install/drone_gazebo/share/drone_gazebo/models/aws_robomaker_residential_AirconditionerA_01/meshes/aws_AirconditionerA_01_visual.DAE
[0.839s] -- Installing: /home/jmendes/drone_ws/install/drone_gazebo/share/drone_gazebo/models/aws_robomaker_residential_AirconditionerA_01/meshes/aws_AirconditionerA_01_collision.DAE
[0.839s] -- Installing: /home/jmendes/drone_ws/install/drone_gazebo/share/drone_gazebo/models/aws_robomaker_residential_Tablet_01
[0.840s] -- Installing: /home/jmendes/drone_ws/install/drone_gazebo/share/drone_gazebo/models/aws_robomaker_residential_Tablet_01/model.sdf
[0.840s] -- Installing: /home/jmendes/drone_ws/install/drone_gazebo/share/drone_gazebo/models/aws_robomaker_residential_Tablet_01/.DS_Store
[0.840s] -- Installing: /home/jmendes/drone_ws/install/drone_gazebo/share/drone_gazebo/models/aws_robomaker_residential_Tablet_01/model.config
[0.840s] -- Installing: /home/jmendes/drone_ws/install/drone_gazebo/share/drone_gazebo/models/aws_robomaker_residential_Tablet_01/materials
[0.840s] -- Installing: /home/jmendes/drone_ws/install/drone_gazebo/share/drone_gazebo/models/aws_robomaker_residential_Tablet_01/materials/.DS_Store
[0.840s] -- Installing: /home/jmendes/drone_ws/install/drone_gazebo/share/drone_gazebo/models/aws_robomaker_residential_Tablet_01/materials/textures
[0.840s] -- Installing: /home/jmendes/drone_ws/install/drone_gazebo/share/drone_gazebo/models/aws_robomaker_residential_Tablet_01/materials/textures/aws_Tablet_01_nologo.png
[0.840s] -- Installing: /home/jmendes/drone_ws/install/drone_gazebo/share/drone_gazebo/models/aws_robomaker_residential_Tablet_01/meshes
[0.840s] -- Installing: /home/jmendes/drone_ws/install/drone_gazebo/share/drone_gazebo/models/aws_robomaker_residential_Tablet_01/meshes/aws_Tablet_01_collision.DAE
[0.840s] -- Installing: /home/jmendes/drone_ws/install/drone_gazebo/share/drone_gazebo/models/aws_robomaker_residential_Tablet_01/meshes/aws_Tablet_01_visual.DAE
[0.840s] -- Installing: /home/jmendes/drone_ws/install/drone_gazebo/share/drone_gazebo/models/aws_robomaker_warehouse_DeskC_01
[0.840s] -- Installing: /home/jmendes/drone_ws/install/drone_gazebo/share/drone_gazebo/models/aws_robomaker_warehouse_DeskC_01/model.sdf
[0.840s] -- Installing: /home/jmendes/drone_ws/install/drone_gazebo/share/drone_gazebo/models/aws_robomaker_warehouse_DeskC_01/model.config
[0.840s] -- Installing: /home/jmendes/drone_ws/install/drone_gazebo/share/drone_gazebo/models/aws_robomaker_warehouse_DeskC_01/materials
[0.841s] -- Installing: /home/jmendes/drone_ws/install/drone_gazebo/share/drone_gazebo/models/aws_robomaker_warehouse_DeskC_01/materials/.DS_Store
[0.841s] -- Installing: /home/jmendes/drone_ws/install/drone_gazebo/share/drone_gazebo/models/aws_robomaker_warehouse_DeskC_01/materials/textures
[0.841s] -- Installing: /home/jmendes/drone_ws/install/drone_gazebo/share/drone_gazebo/models/aws_robomaker_warehouse_DeskC_01/materials/textures/aws_robomaker_warehouse_DeskC_02.png
[0.841s] -- Installing: /home/jmendes/drone_ws/install/drone_gazebo/share/drone_gazebo/models/aws_robomaker_warehouse_DeskC_01/materials/textures/aws_robomaker_warehouse_DeskC_03.psd
[0.842s] -- Installing: /home/jmendes/drone_ws/install/drone_gazebo/share/drone_gazebo/models/aws_robomaker_warehouse_DeskC_01/materials/textures/aws_robomaker_warehouse_DeskC_01.png
[0.843s] -- Installing: /home/jmendes/drone_ws/install/drone_gazebo/share/drone_gazebo/models/aws_robomaker_warehouse_DeskC_01/materials/textures/aws_robomaker_warehouse_DeskC_04.png
[0.843s] -- Installing: /home/jmendes/drone_ws/install/drone_gazebo/share/drone_gazebo/models/aws_robomaker_warehouse_DeskC_01/materials/textures/aws_robomaker_warehouse_DeskC_03.png
[0.843s] -- Installing: /home/jmendes/drone_ws/install/drone_gazebo/share/drone_gazebo/models/aws_robomaker_warehouse_DeskC_01/meshes
[0.843s] -- Installing: /home/jmendes/drone_ws/install/drone_gazebo/share/drone_gazebo/models/aws_robomaker_warehouse_DeskC_01/meshes/aws_robomaker_warehouse_DeskC_01_visual.DAE
[0.843s] -- Installing: /home/jmendes/drone_ws/install/drone_gazebo/share/drone_gazebo/models/aws_robomaker_warehouse_DeskC_01/meshes/aws_robomaker_warehouse_DeskC_01_collision.DAE
[0.844s] -- Installing: /home/jmendes/drone_ws/install/drone_gazebo/share/drone_gazebo/models/aws_robomaker_residential_Quilt_01
[0.844s] -- Installing: /home/jmendes/drone_ws/install/drone_gazebo/share/drone_gazebo/models/aws_robomaker_residential_Quilt_01/model.sdf
[0.844s] -- Installing: /home/jmendes/drone_ws/install/drone_gazebo/share/drone_gazebo/models/aws_robomaker_residential_Quilt_01/model.config
[0.844s] -- Installing: /home/jmendes/drone_ws/install/drone_gazebo/share/drone_gazebo/models/aws_robomaker_residential_Quilt_01/materials
[0.844s] -- Installing: /home/jmendes/drone_ws/install/drone_gazebo/share/drone_gazebo/models/aws_robomaker_residential_Quilt_01/materials/textures
[0.844s] -- Installing: /home/jmendes/drone_ws/install/drone_gazebo/share/drone_gazebo/models/aws_robomaker_residential_Quilt_01/materials/textures/aws_Quilt_01.png
[0.845s] -- Installing: /home/jmendes/drone_ws/install/drone_gazebo/share/drone_gazebo/models/aws_robomaker_residential_Quilt_01/meshes
[0.845s] -- Installing: /home/jmendes/drone_ws/install/drone_gazebo/share/drone_gazebo/models/aws_robomaker_residential_Quilt_01/meshes/aws_Quilt_01_collision.DAE
[0.845s] -- Installing: /home/jmendes/drone_ws/install/drone_gazebo/share/drone_gazebo/models/aws_robomaker_residential_Quilt_01/meshes/aws_Quilt_01_visual.DAE
[0.845s] -- Installing: /home/jmendes/drone_ws/install/drone_gazebo/share/drone_gazebo/models/aws_robomaker_residential_DeskPortraitA_01
[0.845s] -- Installing: /home/jmendes/drone_ws/install/drone_gazebo/share/drone_gazebo/models/aws_robomaker_residential_DeskPortraitA_01/model.sdf
[0.845s] -- Installing: /home/jmendes/drone_ws/install/drone_gazebo/share/drone_gazebo/models/aws_robomaker_residential_DeskPortraitA_01/model.config
[0.845s] -- Installing: /home/jmendes/drone_ws/install/drone_gazebo/share/drone_gazebo/models/aws_robomaker_residential_DeskPortraitA_01/materials
[0.845s] -- Installing: /home/jmendes/drone_ws/install/drone_gazebo/share/drone_gazebo/models/aws_robomaker_residential_DeskPortraitA_01/materials/textures
[0.845s] -- Installing: /home/jmendes/drone_ws/install/drone_gazebo/share/drone_gazebo/models/aws_robomaker_residential_DeskPortraitA_01/materials/textures/aws_DeskPortraitA_02.png
[0.846s] -- Installing: /home/jmendes/drone_ws/install/drone_gazebo/share/drone_gazebo/models/aws_robomaker_residential_DeskPortraitA_01/materials/textures/DeskPortraitA_01.jpg
[0.846s] -- Installing: /home/jmendes/drone_ws/install/drone_gazebo/share/drone_gazebo/models/aws_robomaker_residential_DeskPortraitA_01/materials/textures/aws_DeskPortraitA_01.png
[0.846s] -- Installing: /home/jmendes/drone_ws/install/drone_gazebo/share/drone_gazebo/models/aws_robomaker_residential_DeskPortraitA_01/meshes
[0.846s] -- Installing: /home/jmendes/drone_ws/install/drone_gazebo/share/drone_gazebo/models/aws_robomaker_residential_DeskPortraitA_01/meshes/aws_DeskPortraitA_01_visual.DAE
[0.846s] -- Installing: /home/jmendes/drone_ws/install/drone_gazebo/share/drone_gazebo/models/aws_robomaker_residential_DeskPortraitA_01/meshes/aws_DeskPortraitA_01_collision.DAE
[0.846s] -- Installing: /home/jmendes/drone_ws/install/drone_gazebo/share/drone_gazebo/models/aws_robomaker_residential_Bed_01
[0.846s] -- Installing: /home/jmendes/drone_ws/install/drone_gazebo/share/drone_gazebo/models/aws_robomaker_residential_Bed_01/model.sdf
[0.846s] -- Installing: /home/jmendes/drone_ws/install/drone_gazebo/share/drone_gazebo/models/aws_robomaker_residential_Bed_01/model.config
[0.846s] -- Installing: /home/jmendes/drone_ws/install/drone_gazebo/share/drone_gazebo/models/aws_robomaker_residential_Bed_01/materials
[0.846s] -- Installing: /home/jmendes/drone_ws/install/drone_gazebo/share/drone_gazebo/models/aws_robomaker_residential_Bed_01/materials/textures
[0.846s] -- Installing: /home/jmendes/drone_ws/install/drone_gazebo/share/drone_gazebo/models/aws_robomaker_residential_Bed_01/materials/textures/aws_BedC_01.png
[0.847s] -- Installing: /home/jmendes/drone_ws/install/drone_gazebo/share/drone_gazebo/models/aws_robomaker_residential_Bed_01/materials/textures/aws_Bed_01.png
[0.847s] -- Installing: /home/jmendes/drone_ws/install/drone_gazebo/share/drone_gazebo/models/aws_robomaker_residential_Bed_01/materials/textures/aws_BedA_01.png
[0.847s] -- Installing: /home/jmendes/drone_ws/install/drone_gazebo/share/drone_gazebo/models/aws_robomaker_residential_Bed_01/materials/textures/aws_BedB_01.png
[0.848s] -- Installing: /home/jmendes/drone_ws/install/drone_gazebo/share/drone_gazebo/models/aws_robomaker_residential_Bed_01/meshes
[0.848s] -- Installing: /home/jmendes/drone_ws/install/drone_gazebo/share/drone_gazebo/models/aws_robomaker_residential_Bed_01/meshes/aws_Bed_01_visual.DAE
[0.849s] -- Installing: /home/jmendes/drone_ws/install/drone_gazebo/share/drone_gazebo/models/aws_robomaker_residential_Bed_01/meshes/aws_Bed_01_collision.DAE
[0.849s] -- Installing: /home/jmendes/drone_ws/install/drone_gazebo/share/drone_gazebo/models/aws_robomaker_residential_Chandelier_01
[0.849s] -- Installing: /home/jmendes/drone_ws/install/drone_gazebo/share/drone_gazebo/models/aws_robomaker_residential_Chandelier_01/model.sdf
[0.850s] -- Installing: /home/jmendes/drone_ws/install/drone_gazebo/share/drone_gazebo/models/aws_robomaker_residential_Chandelier_01/model.config
[0.850s] -- Installing: /home/jmendes/drone_ws/install/drone_gazebo/share/drone_gazebo/models/aws_robomaker_residential_Chandelier_01/materials
[0.850s] -- Installing: /home/jmendes/drone_ws/install/drone_gazebo/share/drone_gazebo/models/aws_robomaker_residential_Chandelier_01/materials/textures
[0.850s] -- Installing: /home/jmendes/drone_ws/install/drone_gazebo/share/drone_gazebo/models/aws_robomaker_residential_Chandelier_01/materials/textures/aws_Chandelier_01.png
[0.850s] -- Installing: /home/jmendes/drone_ws/install/drone_gazebo/share/drone_gazebo/models/aws_robomaker_residential_Chandelier_01/meshes
[0.850s] -- Installing: /home/jmendes/drone_ws/install/drone_gazebo/share/drone_gazebo/models/aws_robomaker_residential_Chandelier_01/meshes/aws_Chandelier_01_collision.DAE
[0.850s] -- Installing: /home/jmendes/drone_ws/install/drone_gazebo/share/drone_gazebo/models/aws_robomaker_residential_Chandelier_01/meshes/aws_Chandelier_01.DAE
[0.851s] -- Installing: /home/jmendes/drone_ws/install/drone_gazebo/share/drone_gazebo/models/aws_robomaker_residential_Chandelier_01/meshes/aws_Chandelier_01_visual.DAE
[0.851s] -- Installing: /home/jmendes/drone_ws/install/drone_gazebo/share/drone_gazebo/models/aws_robomaker_residential_DeskPortraitB_01
[0.851s] -- Installing: /home/jmendes/drone_ws/install/drone_gazebo/share/drone_gazebo/models/aws_robomaker_residential_DeskPortraitB_01/model.sdf
[0.851s] -- Installing: /home/jmendes/drone_ws/install/drone_gazebo/share/drone_gazebo/models/aws_robomaker_residential_DeskPortraitB_01/model.config
[0.851s] -- Installing: /home/jmendes/drone_ws/install/drone_gazebo/share/drone_gazebo/models/aws_robomaker_residential_DeskPortraitB_01/materials
[0.851s] -- Installing: /home/jmendes/drone_ws/install/drone_gazebo/share/drone_gazebo/models/aws_robomaker_residential_DeskPortraitB_01/materials/textures
[0.852s] -- Installing: /home/jmendes/drone_ws/install/drone_gazebo/share/drone_gazebo/models/aws_robomaker_residential_DeskPortraitB_01/materials/textures/aws_DeskPortraitB_02.png
[0.852s] -- Installing: /home/jmendes/drone_ws/install/drone_gazebo/share/drone_gazebo/models/aws_robomaker_residential_DeskPortraitB_01/materials/textures/DeskPortraitB_01.jpg
[0.853s] -- Installing: /home/jmendes/drone_ws/install/drone_gazebo/share/drone_gazebo/models/aws_robomaker_residential_DeskPortraitB_01/materials/textures/aws_DeskPortraitB_01.png
[0.853s] -- Installing: /home/jmendes/drone_ws/install/drone_gazebo/share/drone_gazebo/models/aws_robomaker_residential_DeskPortraitB_01/meshes
[0.853s] -- Installing: /home/jmendes/drone_ws/install/drone_gazebo/share/drone_gazebo/models/aws_robomaker_residential_DeskPortraitB_01/meshes/aws_DeskPortraitB_01_visual.DAE
[0.853s] -- Installing: /home/jmendes/drone_ws/install/drone_gazebo/share/drone_gazebo/models/aws_robomaker_residential_DeskPortraitB_01/meshes/aws_DeskPortraitB_01_collision.DAE
[0.853s] -- Installing: /home/jmendes/drone_ws/install/drone_gazebo/share/drone_gazebo/models/aws_robomaker_residential_PortraitB_02
[0.853s] -- Installing: /home/jmendes/drone_ws/install/drone_gazebo/share/drone_gazebo/models/aws_robomaker_residential_PortraitB_02/model.sdf
[0.853s] -- Installing: /home/jmendes/drone_ws/install/drone_gazebo/share/drone_gazebo/models/aws_robomaker_residential_PortraitB_02/model.config
[0.853s] -- Installing: /home/jmendes/drone_ws/install/drone_gazebo/share/drone_gazebo/models/aws_robomaker_residential_PortraitB_02/materials
[0.853s] -- Installing: /home/jmendes/drone_ws/install/drone_gazebo/share/drone_gazebo/models/aws_robomaker_residential_PortraitB_02/materials/textures
[0.853s] -- Installing: /home/jmendes/drone_ws/install/drone_gazebo/share/drone_gazebo/models/aws_robomaker_residential_PortraitB_02/materials/textures/aws_PortraitB_02.png
[0.854s] -- Installing: /home/jmendes/drone_ws/install/drone_gazebo/share/drone_gazebo/models/aws_robomaker_residential_PortraitB_02/materials/textures/PortraitB_02.jpg
[0.855s] -- Installing: /home/jmendes/drone_ws/install/drone_gazebo/share/drone_gazebo/models/aws_robomaker_residential_PortraitB_02/materials/textures/aws_PortraitB_01.png
[0.855s] -- Installing: /home/jmendes/drone_ws/install/drone_gazebo/share/drone_gazebo/models/aws_robomaker_residential_PortraitB_02/meshes
[0.855s] -- Installing: /home/jmendes/drone_ws/install/drone_gazebo/share/drone_gazebo/models/aws_robomaker_residential_PortraitB_02/meshes/aws_PortraitB_01_visual.DAE
[0.856s] -- Installing: /home/jmendes/drone_ws/install/drone_gazebo/share/drone_gazebo/models/aws_robomaker_residential_PortraitB_02/meshes/aws_PortraitB_01_collision.DAE
[0.856s] -- Installing: /home/jmendes/drone_ws/install/drone_gazebo/share/drone_gazebo/models/sun
[0.856s] -- Installing: /home/jmendes/drone_ws/install/drone_gazebo/share/drone_gazebo/models/sun/model-1_2.sdf
[0.856s] -- Installing: /home/jmendes/drone_ws/install/drone_gazebo/share/drone_gazebo/models/sun/model.sdf
[0.856s] -- Installing: /home/jmendes/drone_ws/install/drone_gazebo/share/drone_gazebo/models/sun/model-1_3.sdf
[0.856s] -- Installing: /home/jmendes/drone_ws/install/drone_gazebo/share/drone_gazebo/models/sun/model.config
[0.856s] -- Installing: /home/jmendes/drone_ws/install/drone_gazebo/share/drone_gazebo/models/sun/model-1_4.sdf
[0.856s] -- Installing: /home/jmendes/drone_ws/install/drone_gazebo/share/drone_gazebo/models/aws_robomaker_residential_SofaC_01
[0.856s] -- Installing: /home/jmendes/drone_ws/install/drone_gazebo/share/drone_gazebo/models/aws_robomaker_residential_SofaC_01/model.sdf
[0.856s] -- Installing: /home/jmendes/drone_ws/install/drone_gazebo/share/drone_gazebo/models/aws_robomaker_residential_SofaC_01/model.config
[0.857s] -- Installing: /home/jmendes/drone_ws/install/drone_gazebo/share/drone_gazebo/models/aws_robomaker_residential_SofaC_01/materials
[0.857s] -- Installing: /home/jmendes/drone_ws/install/drone_gazebo/share/drone_gazebo/models/aws_robomaker_residential_SofaC_01/materials/textures
[0.857s] -- Installing: /home/jmendes/drone_ws/install/drone_gazebo/share/drone_gazebo/models/aws_robomaker_residential_SofaC_01/materials/textures/aws_SofaC_01.png
[0.857s] -- Installing: /home/jmendes/drone_ws/install/drone_gazebo/share/drone_gazebo/models/aws_robomaker_residential_SofaC_01/meshes
[0.857s] -- Installing: /home/jmendes/drone_ws/install/drone_gazebo/share/drone_gazebo/models/aws_robomaker_residential_SofaC_01/meshes/aws_SofaC_01_collision.DAE
[0.857s] -- Installing: /home/jmendes/drone_ws/install/drone_gazebo/share/drone_gazebo/models/aws_robomaker_residential_SofaC_01/meshes/aws_SofaC_01_visual.DAE
[0.858s] -- Installing: /home/jmendes/drone_ws/install/drone_gazebo/share/drone_gazebo/models/aws_robomaker_warehouse_GroundB_01
[0.858s] -- Installing: /home/jmendes/drone_ws/install/drone_gazebo/share/drone_gazebo/models/aws_robomaker_warehouse_GroundB_01/model.sdf
[0.858s] -- Installing: /home/jmendes/drone_ws/install/drone_gazebo/share/drone_gazebo/models/aws_robomaker_warehouse_GroundB_01/model.config
[0.858s] -- Installing: /home/jmendes/drone_ws/install/drone_gazebo/share/drone_gazebo/models/aws_robomaker_warehouse_GroundB_01/materials
[0.858s] -- Installing: /home/jmendes/drone_ws/install/drone_gazebo/share/drone_gazebo/models/aws_robomaker_warehouse_GroundB_01/materials/textures
[0.858s] -- Installing: /home/jmendes/drone_ws/install/drone_gazebo/share/drone_gazebo/models/aws_robomaker_warehouse_GroundB_01/materials/textures/aws_robomaker_warehouse_GroundB_02.png
[0.858s] -- Installing: /home/jmendes/drone_ws/install/drone_gazebo/share/drone_gazebo/models/aws_robomaker_warehouse_GroundB_01/materials/textures/aws_robomaker_warehouse_GroundB_01.png
[0.859s] -- Installing: /home/jmendes/drone_ws/install/drone_gazebo/share/drone_gazebo/models/aws_robomaker_warehouse_GroundB_01/meshes
[0.859s] -- Installing: /home/jmendes/drone_ws/install/drone_gazebo/share/drone_gazebo/models/aws_robomaker_warehouse_GroundB_01/meshes/aws_robomaker_warehouse_GroundB_01_collision.DAE
[0.859s] -- Installing: /home/jmendes/drone_ws/install/drone_gazebo/share/drone_gazebo/models/aws_robomaker_warehouse_GroundB_01/meshes/aws_robomaker_warehouse_GroundB_01_visual.DAE
[0.860s] -- Installing: /home/jmendes/drone_ws/install/drone_gazebo/share/drone_gazebo/models/aws_robomaker_warehouse_WallB_01
[0.860s] -- Installing: /home/jmendes/drone_ws/install/drone_gazebo/share/drone_gazebo/models/aws_robomaker_warehouse_WallB_01/model.sdf
[0.860s] -- Installing: /home/jmendes/drone_ws/install/drone_gazebo/share/drone_gazebo/models/aws_robomaker_warehouse_WallB_01/model.config
[0.860s] -- Installing: /home/jmendes/drone_ws/install/drone_gazebo/share/drone_gazebo/models/aws_robomaker_warehouse_WallB_01/materials
[0.860s] -- Installing: /home/jmendes/drone_ws/install/drone_gazebo/share/drone_gazebo/models/aws_robomaker_warehouse_WallB_01/materials/textures
[0.860s] -- Installing: /home/jmendes/drone_ws/install/drone_gazebo/share/drone_gazebo/models/aws_robomaker_warehouse_WallB_01/materials/textures/aws_robomaker_warehouse_WallB_01.png
[0.860s] -- Installing: /home/jmendes/drone_ws/install/drone_gazebo/share/drone_gazebo/models/aws_robomaker_warehouse_WallB_01/meshes
[0.860s] -- Installing: /home/jmendes/drone_ws/install/drone_gazebo/share/drone_gazebo/models/aws_robomaker_warehouse_WallB_01/meshes/aws_robomaker_warehouse_WallB_01_visual.DAE
[0.860s] -- Installing: /home/jmendes/drone_ws/install/drone_gazebo/share/drone_gazebo/models/aws_robomaker_warehouse_WallB_01/meshes/aws_robomaker_warehouse_WallB_01_collision.DAE
[0.861s] -- Installing: /home/jmendes/drone_ws/install/drone_gazebo/share/drone_gazebo/models/aws_robomaker_residential_RoomWindow_01
[0.861s] -- Installing: /home/jmendes/drone_ws/install/drone_gazebo/share/drone_gazebo/models/aws_robomaker_residential_RoomWindow_01/model.sdf
[0.861s] -- Installing: /home/jmendes/drone_ws/install/drone_gazebo/share/drone_gazebo/models/aws_robomaker_residential_RoomWindow_01/model.config
[0.861s] -- Installing: /home/jmendes/drone_ws/install/drone_gazebo/share/drone_gazebo/models/aws_robomaker_residential_RoomWindow_01/materials
[0.861s] -- Installing: /home/jmendes/drone_ws/install/drone_gazebo/share/drone_gazebo/models/aws_robomaker_residential_RoomWindow_01/materials/textures
[0.861s] -- Installing: /home/jmendes/drone_ws/install/drone_gazebo/share/drone_gazebo/models/aws_robomaker_residential_RoomWindow_01/materials/textures/aws_RoomWindow_01.png
[0.861s] -- Installing: /home/jmendes/drone_ws/install/drone_gazebo/share/drone_gazebo/models/aws_robomaker_residential_RoomWindow_01/meshes
[0.861s] -- Installing: /home/jmendes/drone_ws/install/drone_gazebo/share/drone_gazebo/models/aws_robomaker_residential_RoomWindow_01/meshes/aws_RoomWindow_01_collision.DAE
[0.861s] -- Installing: /home/jmendes/drone_ws/install/drone_gazebo/share/drone_gazebo/models/aws_robomaker_residential_RoomWindow_01/meshes/aws_RoomWindow_01_visual.DAE
[0.861s] -- Installing: /home/jmendes/drone_ws/install/drone_gazebo/share/drone_gazebo/models/aws_robomaker_residential_DeskPortraitD_03
[0.862s] -- Installing: /home/jmendes/drone_ws/install/drone_gazebo/share/drone_gazebo/models/aws_robomaker_residential_DeskPortraitD_03/model.sdf
[0.862s] -- Installing: /home/jmendes/drone_ws/install/drone_gazebo/share/drone_gazebo/models/aws_robomaker_residential_DeskPortraitD_03/model.config
[0.862s] -- Installing: /home/jmendes/drone_ws/install/drone_gazebo/share/drone_gazebo/models/aws_robomaker_residential_DeskPortraitD_03/materials
[0.862s] -- Installing: /home/jmendes/drone_ws/install/drone_gazebo/share/drone_gazebo/models/aws_robomaker_residential_DeskPortraitD_03/materials/textures
[0.862s] -- Installing: /home/jmendes/drone_ws/install/drone_gazebo/share/drone_gazebo/models/aws_robomaker_residential_DeskPortraitD_03/materials/textures/aws_DeskPortraitD_01.png
[0.862s] -- Installing: /home/jmendes/drone_ws/install/drone_gazebo/share/drone_gazebo/models/aws_robomaker_residential_DeskPortraitD_03/materials/textures/DeskPortraitD_03.jpg
[0.862s] -- Installing: /home/jmendes/drone_ws/install/drone_gazebo/share/drone_gazebo/models/aws_robomaker_residential_DeskPortraitD_03/materials/textures/aws_DeskPortraitD_02.png
[0.863s] -- Installing: /home/jmendes/drone_ws/install/drone_gazebo/share/drone_gazebo/models/aws_robomaker_residential_DeskPortraitD_03/meshes
[0.863s] -- Installing: /home/jmendes/drone_ws/install/drone_gazebo/share/drone_gazebo/models/aws_robomaker_residential_DeskPortraitD_03/meshes/aws_DeskPortraitD_01_collision.DAE
[0.864s] -- Installing: /home/jmendes/drone_ws/install/drone_gazebo/share/drone_gazebo/models/aws_robomaker_residential_DeskPortraitD_03/meshes/aws_DeskPortraitD_01_visual.DAE
[0.864s] -- Installing: /home/jmendes/drone_ws/install/drone_gazebo/share/drone_gazebo/models/aws_robomaker_warehouse_TrashCanC_01
[0.864s] -- Installing: /home/jmendes/drone_ws/install/drone_gazebo/share/drone_gazebo/models/aws_robomaker_warehouse_TrashCanC_01/model.sdf
[0.864s] -- Installing: /home/jmendes/drone_ws/install/drone_gazebo/share/drone_gazebo/models/aws_robomaker_warehouse_TrashCanC_01/model.config
[0.864s] -- Installing: /home/jmendes/drone_ws/install/drone_gazebo/share/drone_gazebo/models/aws_robomaker_warehouse_TrashCanC_01/materials
[0.864s] -- Installing: /home/jmendes/drone_ws/install/drone_gazebo/share/drone_gazebo/models/aws_robomaker_warehouse_TrashCanC_01/materials/textures
[0.864s] -- Installing: /home/jmendes/drone_ws/install/drone_gazebo/share/drone_gazebo/models/aws_robomaker_warehouse_TrashCanC_01/materials/textures/aws_robomaker_warehouse_TrashCanC_01.png
[0.864s] -- Installing: /home/jmendes/drone_ws/install/drone_gazebo/share/drone_gazebo/models/aws_robomaker_warehouse_TrashCanC_01/meshes
[0.864s] -- Installing: /home/jmendes/drone_ws/install/drone_gazebo/share/drone_gazebo/models/aws_robomaker_warehouse_TrashCanC_01/meshes/aws_robomaker_warehouse_TrashCanC_01_visual.DAE
[0.865s] -- Installing: /home/jmendes/drone_ws/install/drone_gazebo/share/drone_gazebo/models/aws_robomaker_warehouse_TrashCanC_01/meshes/aws_robomaker_warehouse_TrashCanC_01_collision.DAE
[0.865s] -- Installing: /home/jmendes/drone_ws/install/drone_gazebo/share/drone_gazebo/models/aws_robomaker_residential_ChairA_01
[0.865s] -- Installing: /home/jmendes/drone_ws/install/drone_gazebo/share/drone_gazebo/models/aws_robomaker_residential_ChairA_01/model.sdf
[0.865s] -- Installing: /home/jmendes/drone_ws/install/drone_gazebo/share/drone_gazebo/models/aws_robomaker_residential_ChairA_01/model.config
[0.865s] -- Installing: /home/jmendes/drone_ws/install/drone_gazebo/share/drone_gazebo/models/aws_robomaker_residential_ChairA_01/materials
[0.865s] -- Installing: /home/jmendes/drone_ws/install/drone_gazebo/share/drone_gazebo/models/aws_robomaker_residential_ChairA_01/materials/textures
[0.865s] -- Installing: /home/jmendes/drone_ws/install/drone_gazebo/share/drone_gazebo/models/aws_robomaker_residential_ChairA_01/materials/textures/aws_ChairA_01.png
[0.866s] -- Installing: /home/jmendes/drone_ws/install/drone_gazebo/share/drone_gazebo/models/aws_robomaker_residential_ChairA_01/meshes
[0.866s] -- Installing: /home/jmendes/drone_ws/install/drone_gazebo/share/drone_gazebo/models/aws_robomaker_residential_ChairA_01/meshes/aws_ChairA_01_visual.DAE
[0.866s] -- Installing: /home/jmendes/drone_ws/install/drone_gazebo/share/drone_gazebo/models/aws_robomaker_residential_ChairA_01/meshes/aws_ChairA_01_collision.DAE
[0.866s] -- Installing: /home/jmendes/drone_ws/install/drone_gazebo/share/drone_gazebo/models/aws_robomaker_residential_PortraitE_01
[0.866s] -- Installing: /home/jmendes/drone_ws/install/drone_gazebo/share/drone_gazebo/models/aws_robomaker_residential_PortraitE_01/model.sdf
[0.866s] -- Installing: /home/jmendes/drone_ws/install/drone_gazebo/share/drone_gazebo/models/aws_robomaker_residential_PortraitE_01/model.config
[0.867s] -- Installing: /home/jmendes/drone_ws/install/drone_gazebo/share/drone_gazebo/models/aws_robomaker_residential_PortraitE_01/materials
[0.867s] -- Installing: /home/jmendes/drone_ws/install/drone_gazebo/share/drone_gazebo/models/aws_robomaker_residential_PortraitE_01/materials/textures
[0.867s] -- Installing: /home/jmendes/drone_ws/install/drone_gazebo/share/drone_gazebo/models/aws_robomaker_residential_PortraitE_01/materials/textures/aws_PortraitE_01.png
[0.867s] -- Installing: /home/jmendes/drone_ws/install/drone_gazebo/share/drone_gazebo/models/aws_robomaker_residential_PortraitE_01/materials/textures/aws_PortraitE_02.png
[0.868s] -- Installing: /home/jmendes/drone_ws/install/drone_gazebo/share/drone_gazebo/models/aws_robomaker_residential_PortraitE_01/materials/textures/PortraitE_01.jpg
[0.868s] -- Installing: /home/jmendes/drone_ws/install/drone_gazebo/share/drone_gazebo/models/aws_robomaker_residential_PortraitE_01/meshes
[0.868s] -- Installing: /home/jmendes/drone_ws/install/drone_gazebo/share/drone_gazebo/models/aws_robomaker_residential_PortraitE_01/meshes/aws_PortraitE_01_collision.DAE
[0.868s] -- Installing: /home/jmendes/drone_ws/install/drone_gazebo/share/drone_gazebo/models/aws_robomaker_residential_PortraitE_01/meshes/aws_PortraitE_01_visual.DAE
[0.868s] -- Installing: /home/jmendes/drone_ws/install/drone_gazebo/share/drone_gazebo/models/aws_robomaker_warehouse_ClutteringC_01
[0.868s] -- Installing: /home/jmendes/drone_ws/install/drone_gazebo/share/drone_gazebo/models/aws_robomaker_warehouse_ClutteringC_01/model.sdf
[0.868s] -- Installing: /home/jmendes/drone_ws/install/drone_gazebo/share/drone_gazebo/models/aws_robomaker_warehouse_ClutteringC_01/model.config
[0.869s] -- Installing: /home/jmendes/drone_ws/install/drone_gazebo/share/drone_gazebo/models/aws_robomaker_warehouse_ClutteringC_01/materials
[0.869s] -- Installing: /home/jmendes/drone_ws/install/drone_gazebo/share/drone_gazebo/models/aws_robomaker_warehouse_ClutteringC_01/materials/textures
[0.869s] -- Installing: /home/jmendes/drone_ws/install/drone_gazebo/share/drone_gazebo/models/aws_robomaker_warehouse_ClutteringC_01/materials/textures/aws_robomaker_warehouse_ClutteringC_02.png
[0.869s] -- Installing: /home/jmendes/drone_ws/install/drone_gazebo/share/drone_gazebo/models/aws_robomaker_warehouse_ClutteringC_01/materials/textures/aws_robomaker_warehouse_ClutteringC_01.png
[0.869s] -- Installing: /home/jmendes/drone_ws/install/drone_gazebo/share/drone_gazebo/models/aws_robomaker_warehouse_ClutteringC_01/meshes
[0.869s] -- Installing: /home/jmendes/drone_ws/install/drone_gazebo/share/drone_gazebo/models/aws_robomaker_warehouse_ClutteringC_01/meshes/aws_robomaker_warehouse_ClutteringC_01_collision.DAE
[0.869s] -- Installing: /home/jmendes/drone_ws/install/drone_gazebo/share/drone_gazebo/models/aws_robomaker_warehouse_ClutteringC_01/meshes/aws_robomaker_warehouse_ClutteringC_01_visual.DAE
[0.869s] -- Installing: /home/jmendes/drone_ws/install/drone_gazebo/share/drone_gazebo/models/aws_robomaker_residential_KitchenCabinet_01
[0.870s] -- Installing: /home/jmendes/drone_ws/install/drone_gazebo/share/drone_gazebo/models/aws_robomaker_residential_KitchenCabinet_01/model.sdf
[0.870s] -- Installing: /home/jmendes/drone_ws/install/drone_gazebo/share/drone_gazebo/models/aws_robomaker_residential_KitchenCabinet_01/model.config
[0.870s] -- Installing: /home/jmendes/drone_ws/install/drone_gazebo/share/drone_gazebo/models/aws_robomaker_residential_KitchenCabinet_01/materials
[0.870s] -- Installing: /home/jmendes/drone_ws/install/drone_gazebo/share/drone_gazebo/models/aws_robomaker_residential_KitchenCabinet_01/materials/textures
[0.870s] -- Installing: /home/jmendes/drone_ws/install/drone_gazebo/share/drone_gazebo/models/aws_robomaker_residential_KitchenCabinet_01/materials/textures/aws_KitchenCabinet_01.png
[0.870s] -- Installing: /home/jmendes/drone_ws/install/drone_gazebo/share/drone_gazebo/models/aws_robomaker_residential_KitchenCabinet_01/meshes
[0.870s] -- Installing: /home/jmendes/drone_ws/install/drone_gazebo/share/drone_gazebo/models/aws_robomaker_residential_KitchenCabinet_01/meshes/aws_KitchenCabinet_01_collision.DAE
[0.870s] -- Installing: /home/jmendes/drone_ws/install/drone_gazebo/share/drone_gazebo/models/aws_robomaker_residential_KitchenCabinet_01/meshes/aws_KitchenCabinet_01_visual.DAE
[0.872s] -- Installing: /home/jmendes/drone_ws/install/drone_gazebo/share/drone_gazebo/models/aws_robomaker_residential_Handle_01
[0.872s] -- Installing: /home/jmendes/drone_ws/install/drone_gazebo/share/drone_gazebo/models/aws_robomaker_residential_Handle_01/model.sdf
[0.872s] -- Installing: /home/jmendes/drone_ws/install/drone_gazebo/share/drone_gazebo/models/aws_robomaker_residential_Handle_01/model.config
[0.872s] -- Installing: /home/jmendes/drone_ws/install/drone_gazebo/share/drone_gazebo/models/aws_robomaker_residential_Handle_01/materials
[0.872s] -- Installing: /home/jmendes/drone_ws/install/drone_gazebo/share/drone_gazebo/models/aws_robomaker_residential_Handle_01/materials/textures
[0.872s] -- Installing: /home/jmendes/drone_ws/install/drone_gazebo/share/drone_gazebo/models/aws_robomaker_residential_Handle_01/materials/textures/aws_Handle_01.png
[0.873s] -- Installing: /home/jmendes/drone_ws/install/drone_gazebo/share/drone_gazebo/models/aws_robomaker_residential_Handle_01/meshes
[0.873s] -- Installing: /home/jmendes/drone_ws/install/drone_gazebo/share/drone_gazebo/models/aws_robomaker_residential_Handle_01/meshes/aws_Handle_01_collision.DAE
[0.873s] -- Installing: /home/jmendes/drone_ws/install/drone_gazebo/share/drone_gazebo/models/aws_robomaker_residential_Handle_01/meshes/aws_Handle_01_visual.DAE
[0.873s] -- Installing: /home/jmendes/drone_ws/install/drone_gazebo/share/drone_gazebo/models/aws_robomaker_residential_SeasoningBox_01
[0.873s] -- Installing: /home/jmendes/drone_ws/install/drone_gazebo/share/drone_gazebo/models/aws_robomaker_residential_SeasoningBox_01/model.sdf
[0.873s] -- Installing: /home/jmendes/drone_ws/install/drone_gazebo/share/drone_gazebo/models/aws_robomaker_residential_SeasoningBox_01/model.config
[0.873s] -- Installing: /home/jmendes/drone_ws/install/drone_gazebo/share/drone_gazebo/models/aws_robomaker_residential_SeasoningBox_01/materials
[0.874s] -- Installing: /home/jmendes/drone_ws/install/drone_gazebo/share/drone_gazebo/models/aws_robomaker_residential_SeasoningBox_01/materials/textures
[0.874s] -- Installing: /home/jmendes/drone_ws/install/drone_gazebo/share/drone_gazebo/models/aws_robomaker_residential_SeasoningBox_01/materials/textures/aws_SeasoningBox_01.png
[0.874s] -- Installing: /home/jmendes/drone_ws/install/drone_gazebo/share/drone_gazebo/models/aws_robomaker_residential_SeasoningBox_01/meshes
[0.874s] -- Installing: /home/jmendes/drone_ws/install/drone_gazebo/share/drone_gazebo/models/aws_robomaker_residential_SeasoningBox_01/meshes/aws_SeasoningBox_01_visual.DAE
[0.876s] -- Installing: /home/jmendes/drone_ws/install/drone_gazebo/share/drone_gazebo/models/aws_robomaker_residential_SeasoningBox_01/meshes/aws_SeasoningBox_01_collision.DAE
[0.876s] -- Installing: /home/jmendes/drone_ws/install/drone_gazebo/share/drone_gazebo/models/aws_robomaker_residential_Tableware_01
[0.876s] -- Installing: /home/jmendes/drone_ws/install/drone_gazebo/share/drone_gazebo/models/aws_robomaker_residential_Tableware_01/model.sdf
[0.876s] -- Installing: /home/jmendes/drone_ws/install/drone_gazebo/share/drone_gazebo/models/aws_robomaker_residential_Tableware_01/model.config
[0.876s] -- Installing: /home/jmendes/drone_ws/install/drone_gazebo/share/drone_gazebo/models/aws_robomaker_residential_Tableware_01/materials
[0.876s] -- Installing: /home/jmendes/drone_ws/install/drone_gazebo/share/drone_gazebo/models/aws_robomaker_residential_Tableware_01/materials/textures
[0.877s] -- Installing: /home/jmendes/drone_ws/install/drone_gazebo/share/drone_gazebo/models/aws_robomaker_residential_Tableware_01/materials/textures/aws_Tableware_01.png
[0.877s] -- Installing: /home/jmendes/drone_ws/install/drone_gazebo/share/drone_gazebo/models/aws_robomaker_residential_Tableware_01/meshes
[0.877s] -- Installing: /home/jmendes/drone_ws/install/drone_gazebo/share/drone_gazebo/models/aws_robomaker_residential_Tableware_01/meshes/aws_Tableware_01_collision.DAE
[0.877s] -- Installing: /home/jmendes/drone_ws/install/drone_gazebo/share/drone_gazebo/models/aws_robomaker_residential_Tableware_01/meshes/aws_Tableware_01_visual.DAE
[0.878s] -- Installing: /home/jmendes/drone_ws/install/drone_gazebo/share/drone_gazebo/models/coke_can
[0.878s] -- Installing: /home/jmendes/drone_ws/install/drone_gazebo/share/drone_gazebo/models/coke_can/model-1_2.sdf
[0.878s] -- Installing: /home/jmendes/drone_ws/install/drone_gazebo/share/drone_gazebo/models/coke_can/model.sdf
[0.878s] -- Installing: /home/jmendes/drone_ws/install/drone_gazebo/share/drone_gazebo/models/coke_can/model-1_3.sdf
[0.878s] -- Installing: /home/jmendes/drone_ws/install/drone_gazebo/share/drone_gazebo/models/coke_can/model.config
[0.878s] -- Installing: /home/jmendes/drone_ws/install/drone_gazebo/share/drone_gazebo/models/coke_can/model-1_4.sdf
[0.878s] -- Installing: /home/jmendes/drone_ws/install/drone_gazebo/share/drone_gazebo/models/coke_can/materials
[0.878s] -- Installing: /home/jmendes/drone_ws/install/drone_gazebo/share/drone_gazebo/models/coke_can/materials/textures
[0.878s] -- Installing: /home/jmendes/drone_ws/install/drone_gazebo/share/drone_gazebo/models/coke_can/materials/textures/coke_can.png
[0.879s] -- Installing: /home/jmendes/drone_ws/install/drone_gazebo/share/drone_gazebo/models/coke_can/meshes
[0.879s] -- Installing: /home/jmendes/drone_ws/install/drone_gazebo/share/drone_gazebo/models/coke_can/meshes/coke_can.dae
[0.879s] -- Installing: /home/jmendes/drone_ws/install/drone_gazebo/share/drone_gazebo/models/aws_robomaker_residential_DeskPortraitA_02
[0.880s] -- Installing: /home/jmendes/drone_ws/install/drone_gazebo/share/drone_gazebo/models/aws_robomaker_residential_DeskPortraitA_02/model.sdf
[0.880s] -- Installing: /home/jmendes/drone_ws/install/drone_gazebo/share/drone_gazebo/models/aws_robomaker_residential_DeskPortraitA_02/model.config
[0.880s] -- Installing: /home/jmendes/drone_ws/install/drone_gazebo/share/drone_gazebo/models/aws_robomaker_residential_DeskPortraitA_02/materials
[0.880s] -- Installing: /home/jmendes/drone_ws/install/drone_gazebo/share/drone_gazebo/models/aws_robomaker_residential_DeskPortraitA_02/materials/textures
[0.880s] -- Installing: /home/jmendes/drone_ws/install/drone_gazebo/share/drone_gazebo/models/aws_robomaker_residential_DeskPortraitA_02/materials/textures/aws_DeskPortraitA_02.png
[0.880s] -- Installing: /home/jmendes/drone_ws/install/drone_gazebo/share/drone_gazebo/models/aws_robomaker_residential_DeskPortraitA_02/materials/textures/DeskPortraitA_02.jpg
[0.881s] -- Installing: /home/jmendes/drone_ws/install/drone_gazebo/share/drone_gazebo/models/aws_robomaker_residential_DeskPortraitA_02/materials/textures/aws_DeskPortraitA_01.png
[0.881s] -- Installing: /home/jmendes/drone_ws/install/drone_gazebo/share/drone_gazebo/models/aws_robomaker_residential_DeskPortraitA_02/meshes
[0.881s] -- Installing: /home/jmendes/drone_ws/install/drone_gazebo/share/drone_gazebo/models/aws_robomaker_residential_DeskPortraitA_02/meshes/aws_DeskPortraitA_01_visual.DAE
[0.882s] -- Installing: /home/jmendes/drone_ws/install/drone_gazebo/share/drone_gazebo/models/aws_robomaker_residential_DeskPortraitA_02/meshes/aws_DeskPortraitA_01_collision.DAE
[0.882s] -- Installing: /home/jmendes/drone_ws/install/drone_gazebo/share/drone_gazebo/models/cardboard_box
[0.882s] -- Installing: /home/jmendes/drone_ws/install/drone_gazebo/share/drone_gazebo/models/cardboard_box/model.sdf
[0.882s] -- Installing: /home/jmendes/drone_ws/install/drone_gazebo/share/drone_gazebo/models/cardboard_box/model.config
[0.882s] -- Installing: /home/jmendes/drone_ws/install/drone_gazebo/share/drone_gazebo/models/cardboard_box/materials
[0.882s] -- Installing: /home/jmendes/drone_ws/install/drone_gazebo/share/drone_gazebo/models/cardboard_box/materials/textures
[0.882s] -- Installing: /home/jmendes/drone_ws/install/drone_gazebo/share/drone_gazebo/models/cardboard_box/materials/textures/cardboard_box.png
[0.882s] -- Installing: /home/jmendes/drone_ws/install/drone_gazebo/share/drone_gazebo/models/cardboard_box/meshes
[0.883s] -- Installing: /home/jmendes/drone_ws/install/drone_gazebo/share/drone_gazebo/models/cardboard_box/meshes/cardboard_box.dae
[0.883s] -- Installing: /home/jmendes/drone_ws/install/drone_gazebo/share/drone_gazebo/models/cardboard_box/meshes/cardboard_box.png
[0.883s] -- Installing: /home/jmendes/drone_ws/install/drone_gazebo/share/drone_gazebo/models/cheezit_big_original
[0.883s] -- Installing: /home/jmendes/drone_ws/install/drone_gazebo/share/drone_gazebo/models/cheezit_big_original/model.sdf
[0.883s] -- Installing: /home/jmendes/drone_ws/install/drone_gazebo/share/drone_gazebo/models/cheezit_big_original/model.config
[0.883s] -- Installing: /home/jmendes/drone_ws/install/drone_gazebo/share/drone_gazebo/models/cheezit_big_original/meshes
[0.883s] -- Installing: /home/jmendes/drone_ws/install/drone_gazebo/share/drone_gazebo/models/cheezit_big_original/meshes/cheezit_big_original.dae
[0.884s] -- Installing: /home/jmendes/drone_ws/install/drone_gazebo/share/drone_gazebo/models/cheezit_big_original/meshes/cheez_tex_0.jpg
[0.886s] -- Installing: /home/jmendes/drone_ws/install/drone_gazebo/share/drone_gazebo/models/aws_robomaker_residential_FoldingDoor_02
[0.886s] -- Installing: /home/jmendes/drone_ws/install/drone_gazebo/share/drone_gazebo/models/aws_robomaker_residential_FoldingDoor_02/model.sdf
[0.886s] -- Installing: /home/jmendes/drone_ws/install/drone_gazebo/share/drone_gazebo/models/aws_robomaker_residential_FoldingDoor_02/model.config
[0.886s] -- Installing: /home/jmendes/drone_ws/install/drone_gazebo/share/drone_gazebo/models/aws_robomaker_residential_FoldingDoor_02/materials
[0.886s] -- Installing: /home/jmendes/drone_ws/install/drone_gazebo/share/drone_gazebo/models/aws_robomaker_residential_FoldingDoor_02/materials/textures
[0.886s] -- Installing: /home/jmendes/drone_ws/install/drone_gazebo/share/drone_gazebo/models/aws_robomaker_residential_FoldingDoor_02/materials/textures/aws_FoldingDoor_02.png
[0.887s] -- Installing: /home/jmendes/drone_ws/install/drone_gazebo/share/drone_gazebo/models/aws_robomaker_residential_FoldingDoor_02/meshes
[0.887s] -- Installing: /home/jmendes/drone_ws/install/drone_gazebo/share/drone_gazebo/models/aws_robomaker_residential_FoldingDoor_02/meshes/aws_FoldingDoor_02_collision.DAE
[0.887s] -- Installing: /home/jmendes/drone_ws/install/drone_gazebo/share/drone_gazebo/models/aws_robomaker_residential_FoldingDoor_02/meshes/aws_FoldingDoor_02_visual.DAE
[0.887s] -- Installing: /home/jmendes/drone_ws/install/drone_gazebo/share/drone_gazebo/models/aws_robomaker_residential_DeskPortraitD_02
[0.887s] -- Installing: /home/jmendes/drone_ws/install/drone_gazebo/share/drone_gazebo/models/aws_robomaker_residential_DeskPortraitD_02/model.sdf
[0.887s] -- Installing: /home/jmendes/drone_ws/install/drone_gazebo/share/drone_gazebo/models/aws_robomaker_residential_DeskPortraitD_02/model.config
[0.887s] -- Installing: /home/jmendes/drone_ws/install/drone_gazebo/share/drone_gazebo/models/aws_robomaker_residential_DeskPortraitD_02/materials
[0.887s] -- Installing: /home/jmendes/drone_ws/install/drone_gazebo/share/drone_gazebo/models/aws_robomaker_residential_DeskPortraitD_02/materials/textures
[0.887s] -- Installing: /home/jmendes/drone_ws/install/drone_gazebo/share/drone_gazebo/models/aws_robomaker_residential_DeskPortraitD_02/materials/textures/aws_DeskPortraitD_01.png
[0.887s] -- Installing: /home/jmendes/drone_ws/install/drone_gazebo/share/drone_gazebo/models/aws_robomaker_residential_DeskPortraitD_02/materials/textures/DeskPortraitD_02.jpg
[0.888s] -- Installing: /home/jmendes/drone_ws/install/drone_gazebo/share/drone_gazebo/models/aws_robomaker_residential_DeskPortraitD_02/materials/textures/aws_DeskPortraitD_02.png
[0.889s] -- Installing: /home/jmendes/drone_ws/install/drone_gazebo/share/drone_gazebo/models/aws_robomaker_residential_DeskPortraitD_02/meshes
[0.889s] -- Installing: /home/jmendes/drone_ws/install/drone_gazebo/share/drone_gazebo/models/aws_robomaker_residential_DeskPortraitD_02/meshes/aws_DeskPortraitD_01_collision.DAE
[0.889s] -- Installing: /home/jmendes/drone_ws/install/drone_gazebo/share/drone_gazebo/models/aws_robomaker_residential_DeskPortraitD_02/meshes/aws_DeskPortraitD_01_visual.DAE
[0.889s] -- Installing: /home/jmendes/drone_ws/install/drone_gazebo/share/drone_gazebo/models/aws_robomaker_residential_SofaB_01
[0.889s] -- Installing: /home/jmendes/drone_ws/install/drone_gazebo/share/drone_gazebo/models/aws_robomaker_residential_SofaB_01/model.sdf
[0.889s] -- Installing: /home/jmendes/drone_ws/install/drone_gazebo/share/drone_gazebo/models/aws_robomaker_residential_SofaB_01/model.config
[0.889s] -- Installing: /home/jmendes/drone_ws/install/drone_gazebo/share/drone_gazebo/models/aws_robomaker_residential_SofaB_01/materials
[0.889s] -- Installing: /home/jmendes/drone_ws/install/drone_gazebo/share/drone_gazebo/models/aws_robomaker_residential_SofaB_01/materials/textures
[0.890s] -- Installing: /home/jmendes/drone_ws/install/drone_gazebo/share/drone_gazebo/models/aws_robomaker_residential_SofaB_01/materials/textures/aws_SofaB_01.png
[0.890s] -- Installing: /home/jmendes/drone_ws/install/drone_gazebo/share/drone_gazebo/models/aws_robomaker_residential_SofaB_01/meshes
[0.890s] -- Installing: /home/jmendes/drone_ws/install/drone_gazebo/share/drone_gazebo/models/aws_robomaker_residential_SofaB_01/meshes/aws_SofaB_01_collision.DAE
[0.890s] -- Installing: /home/jmendes/drone_ws/install/drone_gazebo/share/drone_gazebo/models/aws_robomaker_residential_SofaB_01/meshes/aws_SofaB_01_visual.DAE
[0.890s] -- Installing: /home/jmendes/drone_ws/install/drone_gazebo/share/drone_gazebo/models/aws_robomaker_residential_Door_01
[0.890s] -- Installing: /home/jmendes/drone_ws/install/drone_gazebo/share/drone_gazebo/models/aws_robomaker_residential_Door_01/model.sdf
[0.890s] -- Installing: /home/jmendes/drone_ws/install/drone_gazebo/share/drone_gazebo/models/aws_robomaker_residential_Door_01/model.config
[0.890s] -- Installing: /home/jmendes/drone_ws/install/drone_gazebo/share/drone_gazebo/models/aws_robomaker_residential_Door_01/materials
[0.890s] -- Installing: /home/jmendes/drone_ws/install/drone_gazebo/share/drone_gazebo/models/aws_robomaker_residential_Door_01/materials/textures
[0.891s] -- Installing: /home/jmendes/drone_ws/install/drone_gazebo/share/drone_gazebo/models/aws_robomaker_residential_Door_01/materials/textures/aws_Door_01.png
[0.891s] -- Installing: /home/jmendes/drone_ws/install/drone_gazebo/share/drone_gazebo/models/aws_robomaker_residential_Door_01/meshes
[0.891s] -- Installing: /home/jmendes/drone_ws/install/drone_gazebo/share/drone_gazebo/models/aws_robomaker_residential_Door_01/meshes/aws_Door_01_visual.DAE
[0.891s] -- Installing: /home/jmendes/drone_ws/install/drone_gazebo/share/drone_gazebo/models/aws_robomaker_residential_Door_01/meshes/aws_Door_01_collision.DAE
[0.892s] -- Installing: /home/jmendes/drone_ws/install/drone_gazebo/share/drone_gazebo/models/aws_robomaker_residential_DeskPortraitC_01
[0.892s] -- Installing: /home/jmendes/drone_ws/install/drone_gazebo/share/drone_gazebo/models/aws_robomaker_residential_DeskPortraitC_01/model.sdf
[0.892s] -- Installing: /home/jmendes/drone_ws/install/drone_gazebo/share/drone_gazebo/models/aws_robomaker_residential_DeskPortraitC_01/model.config
[0.892s] -- Installing: /home/jmendes/drone_ws/install/drone_gazebo/share/drone_gazebo/models/aws_robomaker_residential_DeskPortraitC_01/materials
[0.892s] -- Installing: /home/jmendes/drone_ws/install/drone_gazebo/share/drone_gazebo/models/aws_robomaker_residential_DeskPortraitC_01/materials/textures
[0.892s] -- Installing: /home/jmendes/drone_ws/install/drone_gazebo/share/drone_gazebo/models/aws_robomaker_residential_DeskPortraitC_01/materials/textures/aws_DeskPortraitC_01.png
[0.892s] -- Installing: /home/jmendes/drone_ws/install/drone_gazebo/share/drone_gazebo/models/aws_robomaker_residential_DeskPortraitC_01/materials/textures/DeskPortraitC_01.jpg
[0.895s] -- Installing: /home/jmendes/drone_ws/install/drone_gazebo/share/drone_gazebo/models/aws_robomaker_residential_DeskPortraitC_01/materials/textures/aws_DeskPortraitC_02.png
[0.896s] -- Installing: /home/jmendes/drone_ws/install/drone_gazebo/share/drone_gazebo/models/aws_robomaker_residential_DeskPortraitC_01/meshes
[0.896s] -- Installing: /home/jmendes/drone_ws/install/drone_gazebo/share/drone_gazebo/models/aws_robomaker_residential_DeskPortraitC_01/meshes/aws_DeskPortraitC_01_visual.DAE
[0.896s] -- Installing: /home/jmendes/drone_ws/install/drone_gazebo/share/drone_gazebo/models/aws_robomaker_residential_DeskPortraitC_01/meshes/aws_DeskPortraitC_01_collision.DAE
[0.897s] -- Installing: /home/jmendes/drone_ws/install/drone_gazebo/share/drone_gazebo/models/aws_robomaker_warehouse_PalletJackB_01
[0.897s] -- Installing: /home/jmendes/drone_ws/install/drone_gazebo/share/drone_gazebo/models/aws_robomaker_warehouse_PalletJackB_01/model.sdf
[0.897s] -- Installing: /home/jmendes/drone_ws/install/drone_gazebo/share/drone_gazebo/models/aws_robomaker_warehouse_PalletJackB_01/.DS_Store
[0.897s] -- Installing: /home/jmendes/drone_ws/install/drone_gazebo/share/drone_gazebo/models/aws_robomaker_warehouse_PalletJackB_01/model.config
[0.897s] -- Installing: /home/jmendes/drone_ws/install/drone_gazebo/share/drone_gazebo/models/aws_robomaker_warehouse_PalletJackB_01/materials
[0.897s] -- Installing: /home/jmendes/drone_ws/install/drone_gazebo/share/drone_gazebo/models/aws_robomaker_warehouse_PalletJackB_01/materials/.DS_Store
[0.897s] -- Installing: /home/jmendes/drone_ws/install/drone_gazebo/share/drone_gazebo/models/aws_robomaker_warehouse_PalletJackB_01/materials/textures
[0.897s] -- Installing: /home/jmendes/drone_ws/install/drone_gazebo/share/drone_gazebo/models/aws_robomaker_warehouse_PalletJackB_01/materials/textures/aws_robomaker_warehouse_PalletJackB_02.png
[0.897s] -- Installing: /home/jmendes/drone_ws/install/drone_gazebo/share/drone_gazebo/models/aws_robomaker_warehouse_PalletJackB_01/materials/textures/aws_robomaker_warehouse_PalletJackB_01.png
[0.898s] -- Installing: /home/jmendes/drone_ws/install/drone_gazebo/share/drone_gazebo/models/aws_robomaker_warehouse_PalletJackB_01/meshes
[0.898s] -- Installing: /home/jmendes/drone_ws/install/drone_gazebo/share/drone_gazebo/models/aws_robomaker_warehouse_PalletJackB_01/meshes/aws_robomaker_warehouse_PalletJackB_01_collision.DAE
[0.898s] -- Installing: /home/jmendes/drone_ws/install/drone_gazebo/share/drone_gazebo/models/aws_robomaker_warehouse_PalletJackB_01/meshes/aws_robomaker_warehouse_PalletJackB_01_visual.DAE
[0.898s] -- Installing: /home/jmendes/drone_ws/install/drone_gazebo/share/drone_gazebo/models/aws_robomaker_residential_Ball_01
[0.898s] -- Installing: /home/jmendes/drone_ws/install/drone_gazebo/share/drone_gazebo/models/aws_robomaker_residential_Ball_01/model.sdf
[0.898s] -- Installing: /home/jmendes/drone_ws/install/drone_gazebo/share/drone_gazebo/models/aws_robomaker_residential_Ball_01/model.config
[0.898s] -- Installing: /home/jmendes/drone_ws/install/drone_gazebo/share/drone_gazebo/models/aws_robomaker_residential_Ball_01/materials
[0.898s] -- Installing: /home/jmendes/drone_ws/install/drone_gazebo/share/drone_gazebo/models/aws_robomaker_residential_Ball_01/materials/textures
[0.898s] -- Installing: /home/jmendes/drone_ws/install/drone_gazebo/share/drone_gazebo/models/aws_robomaker_residential_Ball_01/materials/textures/aws_Ball_01.png
[0.899s] -- Installing: /home/jmendes/drone_ws/install/drone_gazebo/share/drone_gazebo/models/aws_robomaker_residential_Ball_01/meshes
[0.899s] -- Installing: /home/jmendes/drone_ws/install/drone_gazebo/share/drone_gazebo/models/aws_robomaker_residential_Ball_01/meshes/aws_Ball_01_collision.DAE
[0.899s] -- Installing: /home/jmendes/drone_ws/install/drone_gazebo/share/drone_gazebo/models/aws_robomaker_residential_Ball_01/meshes/aws_Ball_01_visual.DAE
[0.899s] -- Installing: /home/jmendes/drone_ws/install/drone_gazebo/share/drone_gazebo/models/aws_robomaker_residential_Vase_01
[0.899s] -- Installing: /home/jmendes/drone_ws/install/drone_gazebo/share/drone_gazebo/models/aws_robomaker_residential_Vase_01/model.sdf
[0.899s] -- Installing: /home/jmendes/drone_ws/install/drone_gazebo/share/drone_gazebo/models/aws_robomaker_residential_Vase_01/model.config
[0.899s] -- Installing: /home/jmendes/drone_ws/install/drone_gazebo/share/drone_gazebo/models/aws_robomaker_residential_Vase_01/materials
[0.899s] -- Installing: /home/jmendes/drone_ws/install/drone_gazebo/share/drone_gazebo/models/aws_robomaker_residential_Vase_01/materials/textures
[0.899s] -- Installing: /home/jmendes/drone_ws/install/drone_gazebo/share/drone_gazebo/models/aws_robomaker_residential_Vase_01/materials/textures/aws_Vase_01.png
[0.899s] -- Installing: /home/jmendes/drone_ws/install/drone_gazebo/share/drone_gazebo/models/aws_robomaker_residential_Vase_01/meshes
[0.899s] -- Installing: /home/jmendes/drone_ws/install/drone_gazebo/share/drone_gazebo/models/aws_robomaker_residential_Vase_01/meshes/aws_Vase_01_collision.DAE
[0.899s] -- Installing: /home/jmendes/drone_ws/install/drone_gazebo/share/drone_gazebo/models/aws_robomaker_residential_Vase_01/meshes/aws_Vase_01_visual.DAE
[0.900s] -- Installing: /home/jmendes/drone_ws/install/drone_gazebo/share/drone_gazebo/models/aws_robomaker_residential_DeskPortraitD_04
[0.900s] -- Installing: /home/jmendes/drone_ws/install/drone_gazebo/share/drone_gazebo/models/aws_robomaker_residential_DeskPortraitD_04/model.sdf
[0.900s] -- Installing: /home/jmendes/drone_ws/install/drone_gazebo/share/drone_gazebo/models/aws_robomaker_residential_DeskPortraitD_04/model.config
[0.900s] -- Installing: /home/jmendes/drone_ws/install/drone_gazebo/share/drone_gazebo/models/aws_robomaker_residential_DeskPortraitD_04/materials
[0.900s] -- Installing: /home/jmendes/drone_ws/install/drone_gazebo/share/drone_gazebo/models/aws_robomaker_residential_DeskPortraitD_04/materials/textures
[0.900s] -- Installing: /home/jmendes/drone_ws/install/drone_gazebo/share/drone_gazebo/models/aws_robomaker_residential_DeskPortraitD_04/materials/textures/aws_DeskPortraitD_01.png
[0.900s] -- Installing: /home/jmendes/drone_ws/install/drone_gazebo/share/drone_gazebo/models/aws_robomaker_residential_DeskPortraitD_04/materials/textures/DeskPortraitD_04.jpg
[0.900s] -- Installing: /home/jmendes/drone_ws/install/drone_gazebo/share/drone_gazebo/models/aws_robomaker_residential_DeskPortraitD_04/materials/textures/aws_DeskPortraitD_02.png
[0.901s] -- Installing: /home/jmendes/drone_ws/install/drone_gazebo/share/drone_gazebo/models/aws_robomaker_residential_DeskPortraitD_04/meshes
[0.901s] -- Installing: /home/jmendes/drone_ws/install/drone_gazebo/share/drone_gazebo/models/aws_robomaker_residential_DeskPortraitD_04/meshes/aws_DeskPortraitD_01_collision.DAE
[0.901s] -- Installing: /home/jmendes/drone_ws/install/drone_gazebo/share/drone_gazebo/models/aws_robomaker_residential_DeskPortraitD_04/meshes/aws_DeskPortraitD_01_visual.DAE
[0.902s] -- Installing: /home/jmendes/drone_ws/install/drone_gazebo/share/drone_gazebo/models/aws_robomaker_residential_Rangehood_01
[0.902s] -- Installing: /home/jmendes/drone_ws/install/drone_gazebo/share/drone_gazebo/models/aws_robomaker_residential_Rangehood_01/model.sdf
[0.902s] -- Installing: /home/jmendes/drone_ws/install/drone_gazebo/share/drone_gazebo/models/aws_robomaker_residential_Rangehood_01/model.config
[0.902s] -- Installing: /home/jmendes/drone_ws/install/drone_gazebo/share/drone_gazebo/models/aws_robomaker_residential_Rangehood_01/materials
[0.902s] -- Installing: /home/jmendes/drone_ws/install/drone_gazebo/share/drone_gazebo/models/aws_robomaker_residential_Rangehood_01/materials/textures
[0.902s] -- Installing: /home/jmendes/drone_ws/install/drone_gazebo/share/drone_gazebo/models/aws_robomaker_residential_Rangehood_01/materials/textures/aws_Rangehood_01.png
[0.902s] -- Installing: /home/jmendes/drone_ws/install/drone_gazebo/share/drone_gazebo/models/aws_robomaker_residential_Rangehood_01/meshes
[0.902s] -- Installing: /home/jmendes/drone_ws/install/drone_gazebo/share/drone_gazebo/models/aws_robomaker_residential_Rangehood_01/meshes/aws_Rangehood_01_collision.DAE
[0.902s] -- Installing: /home/jmendes/drone_ws/install/drone_gazebo/share/drone_gazebo/models/aws_robomaker_residential_Rangehood_01/meshes/aws_Rangehood_01_visual.DAE
[0.902s] -- Installing: /home/jmendes/drone_ws/install/drone_gazebo/share/drone_gazebo/models/aws_robomaker_residential_FitnessEquipment_01
[0.902s] -- Installing: /home/jmendes/drone_ws/install/drone_gazebo/share/drone_gazebo/models/aws_robomaker_residential_FitnessEquipment_01/model.sdf
[0.902s] -- Installing: /home/jmendes/drone_ws/install/drone_gazebo/share/drone_gazebo/models/aws_robomaker_residential_FitnessEquipment_01/model.config
[0.903s] -- Installing: /home/jmendes/drone_ws/install/drone_gazebo/share/drone_gazebo/models/aws_robomaker_residential_FitnessEquipment_01/materials
[0.903s] -- Installing: /home/jmendes/drone_ws/install/drone_gazebo/share/drone_gazebo/models/aws_robomaker_residential_FitnessEquipment_01/materials/textures
[0.903s] -- Installing: /home/jmendes/drone_ws/install/drone_gazebo/share/drone_gazebo/models/aws_robomaker_residential_FitnessEquipment_01/materials/textures/aws_FitnessEquipment_01.png
[0.903s] -- Installing: /home/jmendes/drone_ws/install/drone_gazebo/share/drone_gazebo/models/aws_robomaker_residential_FitnessEquipment_01/meshes
[0.903s] -- Installing: /home/jmendes/drone_ws/install/drone_gazebo/share/drone_gazebo/models/aws_robomaker_residential_FitnessEquipment_01/meshes/aws_FitnessEquipment_01_visual.DAE
[0.903s] -- Installing: /home/jmendes/drone_ws/install/drone_gazebo/share/drone_gazebo/models/aws_robomaker_residential_FitnessEquipment_01/meshes/aws_FitnessEquipment_01_collision.DAE
[0.903s] -- Installing: /home/jmendes/drone_ws/install/drone_gazebo/share/drone_gazebo/models/aws_robomaker_residential_Refrigerator_01
[0.903s] -- Installing: /home/jmendes/drone_ws/install/drone_gazebo/share/drone_gazebo/models/aws_robomaker_residential_Refrigerator_01/model.sdf
[0.903s] -- Installing: /home/jmendes/drone_ws/install/drone_gazebo/share/drone_gazebo/models/aws_robomaker_residential_Refrigerator_01/model.config
[0.903s] -- Installing: /home/jmendes/drone_ws/install/drone_gazebo/share/drone_gazebo/models/aws_robomaker_residential_Refrigerator_01/materials
[0.903s] -- Installing: /home/jmendes/drone_ws/install/drone_gazebo/share/drone_gazebo/models/aws_robomaker_residential_Refrigerator_01/materials/textures
[0.903s] -- Installing: /home/jmendes/drone_ws/install/drone_gazebo/share/drone_gazebo/models/aws_robomaker_residential_Refrigerator_01/materials/textures/aws_Refrigerator_01.png
[0.904s] -- Installing: /home/jmendes/drone_ws/install/drone_gazebo/share/drone_gazebo/models/aws_robomaker_residential_Refrigerator_01/materials/textures/aws_Refrigerator_02.png
[0.904s] -- Installing: /home/jmendes/drone_ws/install/drone_gazebo/share/drone_gazebo/models/aws_robomaker_residential_Refrigerator_01/meshes
[0.904s] -- Installing: /home/jmendes/drone_ws/install/drone_gazebo/share/drone_gazebo/models/aws_robomaker_residential_Refrigerator_01/meshes/aws_Refrigerator_01_visual.DAE
[0.904s] -- Installing: /home/jmendes/drone_ws/install/drone_gazebo/share/drone_gazebo/models/aws_robomaker_residential_Refrigerator_01/meshes/aws_Refrigerator_01_collision.DAE
[0.904s] -- Installing: /home/jmendes/drone_ws/install/drone_gazebo/share/drone_gazebo/models/aws_robomaker_residential_Refrigerator_01/meshes/aws_Refrigerator_01.DAE
[0.904s] -- Installing: /home/jmendes/drone_ws/install/drone_gazebo/share/drone_gazebo/models/aws_robomaker_residential_Dumbbell_01
[0.904s] -- Installing: /home/jmendes/drone_ws/install/drone_gazebo/share/drone_gazebo/models/aws_robomaker_residential_Dumbbell_01/model.sdf
[0.904s] -- Installing: /home/jmendes/drone_ws/install/drone_gazebo/share/drone_gazebo/models/aws_robomaker_residential_Dumbbell_01/model.config
[0.904s] -- Installing: /home/jmendes/drone_ws/install/drone_gazebo/share/drone_gazebo/models/aws_robomaker_residential_Dumbbell_01/materials
[0.904s] -- Installing: /home/jmendes/drone_ws/install/drone_gazebo/share/drone_gazebo/models/aws_robomaker_residential_Dumbbell_01/materials/textures
[0.904s] -- Installing: /home/jmendes/drone_ws/install/drone_gazebo/share/drone_gazebo/models/aws_robomaker_residential_Dumbbell_01/materials/textures/aws_Dumbbell_01.png
[0.905s] -- Installing: /home/jmendes/drone_ws/install/drone_gazebo/share/drone_gazebo/models/aws_robomaker_residential_Dumbbell_01/meshes
[0.905s] -- Installing: /home/jmendes/drone_ws/install/drone_gazebo/share/drone_gazebo/models/aws_robomaker_residential_Dumbbell_01/meshes/aws_Dumbbell_01_collision.DAE
[0.905s] -- Installing: /home/jmendes/drone_ws/install/drone_gazebo/share/drone_gazebo/models/aws_robomaker_residential_Dumbbell_01/meshes/aws_Dumbbell_01_visual.DAE
[0.905s] -- Installing: /home/jmendes/drone_ws/install/drone_gazebo/share/drone_gazebo/models/aws_robomaker_residential_ReadingDesk_01
[0.905s] -- Installing: /home/jmendes/drone_ws/install/drone_gazebo/share/drone_gazebo/models/aws_robomaker_residential_ReadingDesk_01/model.sdf
[0.905s] -- Installing: /home/jmendes/drone_ws/install/drone_gazebo/share/drone_gazebo/models/aws_robomaker_residential_ReadingDesk_01/model.config
[0.905s] -- Installing: /home/jmendes/drone_ws/install/drone_gazebo/share/drone_gazebo/models/aws_robomaker_residential_ReadingDesk_01/materials
[0.905s] -- Installing: /home/jmendes/drone_ws/install/drone_gazebo/share/drone_gazebo/models/aws_robomaker_residential_ReadingDesk_01/materials/textures
[0.905s] -- Installing: /home/jmendes/drone_ws/install/drone_gazebo/share/drone_gazebo/models/aws_robomaker_residential_ReadingDesk_01/materials/textures/aws_ReadingDesk_01.png
[0.906s] -- Installing: /home/jmendes/drone_ws/install/drone_gazebo/share/drone_gazebo/models/aws_robomaker_residential_ReadingDesk_01/meshes
[0.906s] -- Installing: /home/jmendes/drone_ws/install/drone_gazebo/share/drone_gazebo/models/aws_robomaker_residential_ReadingDesk_01/meshes/aws_ReadingDesk_01_visual.DAE
[0.906s] -- Installing: /home/jmendes/drone_ws/install/drone_gazebo/share/drone_gazebo/models/aws_robomaker_residential_ReadingDesk_01/meshes/aws_ReadingDesk_01_collision.DAE
[0.906s] -- Installing: /home/jmendes/drone_ws/install/drone_gazebo/share/drone_gazebo/models/aws_robomaker_residential_AirconditionerB_01
[0.906s] -- Installing: /home/jmendes/drone_ws/install/drone_gazebo/share/drone_gazebo/models/aws_robomaker_residential_AirconditionerB_01/model.sdf
[0.906s] -- Installing: /home/jmendes/drone_ws/install/drone_gazebo/share/drone_gazebo/models/aws_robomaker_residential_AirconditionerB_01/model.config
[0.906s] -- Installing: /home/jmendes/drone_ws/install/drone_gazebo/share/drone_gazebo/models/aws_robomaker_residential_AirconditionerB_01/materials
[0.906s] -- Installing: /home/jmendes/drone_ws/install/drone_gazebo/share/drone_gazebo/models/aws_robomaker_residential_AirconditionerB_01/materials/textures
[0.906s] -- Installing: /home/jmendes/drone_ws/install/drone_gazebo/share/drone_gazebo/models/aws_robomaker_residential_AirconditionerB_01/materials/textures/aws_AirconditionerB_01.png
[0.906s] -- Installing: /home/jmendes/drone_ws/install/drone_gazebo/share/drone_gazebo/models/aws_robomaker_residential_AirconditionerB_01/meshes
[0.907s] -- Installing: /home/jmendes/drone_ws/install/drone_gazebo/share/drone_gazebo/models/aws_robomaker_residential_AirconditionerB_01/meshes/aws_AirconditionerB_01_collision.DAE
[0.907s] -- Installing: /home/jmendes/drone_ws/install/drone_gazebo/share/drone_gazebo/models/aws_robomaker_residential_AirconditionerB_01/meshes/aws_AirconditionerB_01_visual.DAE
[0.907s] -- Installing: /home/jmendes/drone_ws/install/drone_gazebo/share/drone_gazebo/models/aws_robomaker_residential_BalconyTable_01
[0.907s] -- Installing: /home/jmendes/drone_ws/install/drone_gazebo/share/drone_gazebo/models/aws_robomaker_residential_BalconyTable_01/model.sdf
[0.907s] -- Installing: /home/jmendes/drone_ws/install/drone_gazebo/share/drone_gazebo/models/aws_robomaker_residential_BalconyTable_01/model.config
[0.907s] -- Installing: /home/jmendes/drone_ws/install/drone_gazebo/share/drone_gazebo/models/aws_robomaker_residential_BalconyTable_01/materials
[0.907s] -- Installing: /home/jmendes/drone_ws/install/drone_gazebo/share/drone_gazebo/models/aws_robomaker_residential_BalconyTable_01/materials/textures
[0.907s] -- Installing: /home/jmendes/drone_ws/install/drone_gazebo/share/drone_gazebo/models/aws_robomaker_residential_BalconyTable_01/materials/textures/aws_BalconyTable_01.png
[0.907s] -- Installing: /home/jmendes/drone_ws/install/drone_gazebo/share/drone_gazebo/models/aws_robomaker_residential_BalconyTable_01/meshes
[0.907s] -- Installing: /home/jmendes/drone_ws/install/drone_gazebo/share/drone_gazebo/models/aws_robomaker_residential_BalconyTable_01/meshes/aws_BalconyTable_01_visual.DAE
[0.907s] -- Installing: /home/jmendes/drone_ws/install/drone_gazebo/share/drone_gazebo/models/aws_robomaker_residential_BalconyTable_01/meshes/aws_BalconyTable_01_collision.DAE
[0.907s] -- Installing: /home/jmendes/drone_ws/install/drone_gazebo/share/drone_gazebo/models/aws_robomaker_residential_PortraitA_01
[0.907s] -- Installing: /home/jmendes/drone_ws/install/drone_gazebo/share/drone_gazebo/models/aws_robomaker_residential_PortraitA_01/model.sdf
[0.908s] -- Installing: /home/jmendes/drone_ws/install/drone_gazebo/share/drone_gazebo/models/aws_robomaker_residential_PortraitA_01/model.config
[0.908s] -- Installing: /home/jmendes/drone_ws/install/drone_gazebo/share/drone_gazebo/models/aws_robomaker_residential_PortraitA_01/materials
[0.908s] -- Installing: /home/jmendes/drone_ws/install/drone_gazebo/share/drone_gazebo/models/aws_robomaker_residential_PortraitA_01/materials/textures
[0.908s] -- Installing: /home/jmendes/drone_ws/install/drone_gazebo/share/drone_gazebo/models/aws_robomaker_residential_PortraitA_01/materials/textures/aws_PortraitA_01.png
[0.908s] -- Installing: /home/jmendes/drone_ws/install/drone_gazebo/share/drone_gazebo/models/aws_robomaker_residential_PortraitA_01/materials/textures/aws_PortraitA_02.png
[0.908s] -- Installing: /home/jmendes/drone_ws/install/drone_gazebo/share/drone_gazebo/models/aws_robomaker_residential_PortraitA_01/materials/textures/PortraitA_01.jpg
[0.908s] -- Installing: /home/jmendes/drone_ws/install/drone_gazebo/share/drone_gazebo/models/aws_robomaker_residential_PortraitA_01/meshes
[0.908s] -- Installing: /home/jmendes/drone_ws/install/drone_gazebo/share/drone_gazebo/models/aws_robomaker_residential_PortraitA_01/meshes/aws_PortraitA_01_collision.DAE
[0.908s] -- Installing: /home/jmendes/drone_ws/install/drone_gazebo/share/drone_gazebo/models/aws_robomaker_residential_PortraitA_01/meshes/aws_PortraitA_01_visual.DAE
[0.909s] -- Installing: /home/jmendes/drone_ws/install/drone_gazebo/share/drone_gazebo/models/aws_robomaker_residential_KitchenUtensils_01
[0.909s] -- Installing: /home/jmendes/drone_ws/install/drone_gazebo/share/drone_gazebo/models/aws_robomaker_residential_KitchenUtensils_01/model.sdf
[0.909s] -- Installing: /home/jmendes/drone_ws/install/drone_gazebo/share/drone_gazebo/models/aws_robomaker_residential_KitchenUtensils_01/model.config
[0.909s] -- Installing: /home/jmendes/drone_ws/install/drone_gazebo/share/drone_gazebo/models/aws_robomaker_residential_KitchenUtensils_01/materials
[0.909s] -- Installing: /home/jmendes/drone_ws/install/drone_gazebo/share/drone_gazebo/models/aws_robomaker_residential_KitchenUtensils_01/materials/textures
[0.909s] -- Installing: /home/jmendes/drone_ws/install/drone_gazebo/share/drone_gazebo/models/aws_robomaker_residential_KitchenUtensils_01/materials/textures/aws_KitchenUtensils_01.png
[0.909s] -- Installing: /home/jmendes/drone_ws/install/drone_gazebo/share/drone_gazebo/models/aws_robomaker_residential_KitchenUtensils_01/meshes
[0.909s] -- Installing: /home/jmendes/drone_ws/install/drone_gazebo/share/drone_gazebo/models/aws_robomaker_residential_KitchenUtensils_01/meshes/aws_KitchenUtensils_01_collision.DAE
[0.909s] -- Installing: /home/jmendes/drone_ws/install/drone_gazebo/share/drone_gazebo/models/aws_robomaker_residential_KitchenUtensils_01/meshes/aws_KitchenUtensils_01_visual.DAE
[0.910s] -- Installing: /home/jmendes/drone_ws/install/drone_gazebo/share/drone_gazebo/models/aws_robomaker_warehouse_ShelfD_01
[0.910s] -- Installing: /home/jmendes/drone_ws/install/drone_gazebo/share/drone_gazebo/models/aws_robomaker_warehouse_ShelfD_01/model.sdf
[0.910s] -- Installing: /home/jmendes/drone_ws/install/drone_gazebo/share/drone_gazebo/models/aws_robomaker_warehouse_ShelfD_01/model.config
[0.911s] -- Installing: /home/jmendes/drone_ws/install/drone_gazebo/share/drone_gazebo/models/aws_robomaker_warehouse_ShelfD_01/materials
[0.911s] -- Installing: /home/jmendes/drone_ws/install/drone_gazebo/share/drone_gazebo/models/aws_robomaker_warehouse_ShelfD_01/materials/textures
[0.911s] -- Installing: /home/jmendes/drone_ws/install/drone_gazebo/share/drone_gazebo/models/aws_robomaker_warehouse_ShelfD_01/materials/textures/aws_robomaker_warehouse_ShelfD_02.png
[0.911s] -- Installing: /home/jmendes/drone_ws/install/drone_gazebo/share/drone_gazebo/models/aws_robomaker_warehouse_ShelfD_01/materials/textures/aws_robomaker_warehouse_ShelfD_01.png
[0.911s] -- Installing: /home/jmendes/drone_ws/install/drone_gazebo/share/drone_gazebo/models/aws_robomaker_warehouse_ShelfD_01/materials/textures/aws_robomaker_warehouse_ShelfD_04.png
[0.911s] -- Installing: /home/jmendes/drone_ws/install/drone_gazebo/share/drone_gazebo/models/aws_robomaker_warehouse_ShelfD_01/materials/textures/aws_robomaker_warehouse_ShelfD_03.png
[0.911s] -- Installing: /home/jmendes/drone_ws/install/drone_gazebo/share/drone_gazebo/models/aws_robomaker_warehouse_ShelfD_01/meshes
[0.911s] -- Installing: /home/jmendes/drone_ws/install/drone_gazebo/share/drone_gazebo/models/aws_robomaker_warehouse_ShelfD_01/meshes/aws_robomaker_warehouse_ShelfD_01_collision.DAE
[0.911s] -- Installing: /home/jmendes/drone_ws/install/drone_gazebo/share/drone_gazebo/models/aws_robomaker_warehouse_ShelfD_01/meshes/aws_robomaker_warehouse_ShelfD_01_visual.DAE
[0.911s] -- Installing: /home/jmendes/drone_ws/install/drone_gazebo/share/drone_gazebo/models/red_cylinder
[0.912s] -- Installing: /home/jmendes/drone_ws/install/drone_gazebo/share/drone_gazebo/models/red_cylinder/model.sdf
[0.912s] -- Installing: /home/jmendes/drone_ws/install/drone_gazebo/share/drone_gazebo/models/red_cylinder/model.config
[0.912s] -- Installing: /home/jmendes/drone_ws/install/drone_gazebo/share/drone_gazebo/models/aws_robomaker_residential_SecurityCamera_01
[0.912s] -- Installing: /home/jmendes/drone_ws/install/drone_gazebo/share/drone_gazebo/models/aws_robomaker_residential_SecurityCamera_01/model.sdf
[0.912s] -- Installing: /home/jmendes/drone_ws/install/drone_gazebo/share/drone_gazebo/models/aws_robomaker_residential_SecurityCamera_01/model.config
[0.912s] -- Installing: /home/jmendes/drone_ws/install/drone_gazebo/share/drone_gazebo/models/aws_robomaker_residential_SecurityCamera_01/materials
[0.912s] -- Installing: /home/jmendes/drone_ws/install/drone_gazebo/share/drone_gazebo/models/aws_robomaker_residential_SecurityCamera_01/materials/textures
[0.912s] -- Installing: /home/jmendes/drone_ws/install/drone_gazebo/share/drone_gazebo/models/aws_robomaker_residential_SecurityCamera_01/materials/textures/aws_SecurityCamera_01.png
[0.912s] -- Installing: /home/jmendes/drone_ws/install/drone_gazebo/share/drone_gazebo/models/aws_robomaker_residential_SecurityCamera_01/meshes
[0.912s] -- Installing: /home/jmendes/drone_ws/install/drone_gazebo/share/drone_gazebo/models/aws_robomaker_residential_SecurityCamera_01/meshes/aws_SecurityCamera_01_visual.DAE
[0.912s] -- Installing: /home/jmendes/drone_ws/install/drone_gazebo/share/drone_gazebo/models/aws_robomaker_residential_SecurityCamera_01/meshes/aws_SecurityCamera_01_collision.DAE
[0.912s] -- Installing: /home/jmendes/drone_ws/install/drone_gazebo/share/drone_gazebo/worlds
[0.912s] -- Installing: /home/jmendes/drone_ws/install/drone_gazebo/share/drone_gazebo/worlds/pick_and_place_demo.world
[0.913s] -- Installing: /home/jmendes/drone_ws/install/drone_gazebo/share/drone_gazebo/worlds/empty.world
[0.913s] -- Installing: /home/jmendes/drone_ws/install/drone_gazebo/share/drone_gazebo/worlds/house.world
[0.913s] -- Installing: /home/jmendes/drone_ws/install/drone_gazebo/share/ament_index/resource_index/package_run_dependencies/drone_gazebo
[0.913s] -- Installing: /home/jmendes/drone_ws/install/drone_gazebo/share/ament_index/resource_index/parent_prefix_path/drone_gazebo
[0.913s] -- Installing: /home/jmendes/drone_ws/install/drone_gazebo/share/drone_gazebo/environment/ament_prefix_path.sh
[0.913s] -- Installing: /home/jmendes/drone_ws/install/drone_gazebo/share/drone_gazebo/environment/ament_prefix_path.dsv
[0.913s] -- Installing: /home/jmendes/drone_ws/install/drone_gazebo/share/drone_gazebo/environment/path.sh
[0.914s] -- Installing: /home/jmendes/drone_ws/install/drone_gazebo/share/drone_gazebo/environment/path.dsv
[0.914s] -- Installing: /home/jmendes/drone_ws/install/drone_gazebo/share/drone_gazebo/local_setup.bash
[0.914s] -- Installing: /home/jmendes/drone_ws/install/drone_gazebo/share/drone_gazebo/local_setup.sh
[0.914s] -- Installing: /home/jmendes/drone_ws/install/drone_gazebo/share/drone_gazebo/local_setup.zsh
[0.914s] -- Installing: /home/jmendes/drone_ws/install/drone_gazebo/share/drone_gazebo/local_setup.dsv
[0.914s] -- Installing: /home/jmendes/drone_ws/install/drone_gazebo/share/drone_gazebo/package.dsv
[0.914s] -- Installing: /home/jmendes/drone_ws/install/drone_gazebo/share/ament_index/resource_index/packages/drone_gazebo
[0.915s] -- Installing: /home/jmendes/drone_ws/install/drone_gazebo/share/drone_gazebo/cmake/drone_gazeboConfig.cmake
[0.915s] -- Installing: /home/jmendes/drone_ws/install/drone_gazebo/share/drone_gazebo/cmake/drone_gazeboConfig-version.cmake
[0.915s] -- Installing: /home/jmendes/drone_ws/install/drone_gazebo/share/drone_gazebo/package.xml
[0.917s] Invoked command in '/home/jmendes/drone_ws/build/drone_gazebo' returned '0': CMAKE_PREFIX_PATH=${CMAKE_PREFIX_PATH}:/opt/ros/jazzy /usr/bin/cmake --install /home/jmendes/drone_ws/build/drone_gazebo
